data_type,exclusion,outcome,adjustment_set,model_type,outcome_label,adjustment_label,RR,conf.low,conf.high,p.value
cross,born_after1954,"c(""event_ever"", ""age_at_event"")",character(0),log_reg,age_at_event+event_ever,none,0.903232075333784,0.889158042485456,0.917552008208705,6.56324099223037e-37
cross,divorced_widowed,"c(""event_ever"", ""age_at_event"", ""since_last_int"")",character(0),log_reg,age_at_event+event_ever+since_last_int,none,0.874087308217733,0.861383063568319,0.88700110766515,1.941249947299e-72
long_nostrict,country,"c(""event_ever"", ""age_at_event"", ""since_last_int"")",character(0),log_reg,age_at_event+event_ever+since_last_int,none,0.876497915035912,0.860320345991866,0.8930151275716,1.20228639139788e-43
long_nostrict,country,"c(""event_ever"", ""since_last_int"", ""death_by_event"")",character(0),log_reg,death_by_event+event_ever+since_last_int,none,0.862455662188584,0.847010027242206,0.878212907731506,7.41905533741234e-58
long_nostrict,country,"c(""event_ever"", ""death_by_event"")",character(0),log_reg,death_by_event+event_ever,none,0.865218631825339,0.849688392357208,0.881063340003531,3.2606611066447e-55
cross,married_before18,"c(""event_ever"", ""age_at_event"")",age_int,log_reg,age_at_event+event_ever,age_int,1.03269799972681,1.01658000173984,1.04910813324456,6.21737815926196e-05
long_w1,born_after1954,"c(""event_ever"", ""age_at_event"")",age_int,log_reg,age_at_event+event_ever,age_int,1.11078359349815,1.06886770276483,1.15458932707175,9.34819610749142e-08
long_w1,none,"c(""event_ever"", ""age_at_event"", ""death_by_event"")",age_int,log_reg,age_at_event+death_by_event+event_ever,age_int,1.09740254176074,1.05797925417312,1.13850537077685,6.79888948882095e-07
cross,none,"c(""event_ever"", ""age_at_event"", ""since_last_int"")",age_int,log_reg,age_at_event+event_ever+since_last_int,age_int,1.03083451583127,1.01479027645685,1.04716884140845,0.000150509994567858
long_w1,country,"c(""event_ever"", ""age_at_event"", ""since_last_int"")",age_int,log_reg,age_at_event+event_ever+since_last_int,age_int,1.09407684310036,1.05115122288397,1.1390083342796,1.12887169065036e-05
long_nostrict,born_after1954,"c(""event_ever"", ""age_at_event"", ""since_last_int"")",age_int,log_reg,age_at_event+event_ever+since_last_int,age_int,1.03520477364495,1.0140717554853,1.05683579981799,0.00102501411861011
long_w1,born_after1954,"c(""event_ever"", ""death_by_event"")",age_int,log_reg,death_by_event+event_ever,age_int,1.09827273339809,1.05882199664613,1.13940365368929,5.43724583326565e-07
cross,none,"c(""event_ever"", ""age_at_event"", ""since_last_int"", ""death_by_event"")",dn042_,log_reg,age_at_event+death_by_event+event_ever+since_last_int,dn042_,0.821268886281626,0.809429708629393,0.833295646678363,1.8539595148925e-155
long_nostrict,none,event_ever,dn042_,log_reg,event_ever,dn042_,0.841550726482189,0.825972994071269,0.857450754428778,4.54711503634226e-73
cross,none,event_ever,dn042_,log_reg,event_ever,dn042_,0.837922677828543,0.825459013835351,0.850592588407327,3.63170996449352e-118
cross,country,event_ever,dn042_,log_reg,event_ever,dn042_,0.838691677590187,0.826005920195846,0.851590822991109,3.79918860067877e-113
long_w1,none,"c(""event_ever"", ""age_at_event"", ""death_by_event"")",dn042_,log_reg,age_at_event+death_by_event+event_ever,dn042_,0.806426859031702,0.779581218168655,0.834261992088706,1.5634429792712e-35
cross,country,"c(""event_ever"", ""since_last_int"", ""death_by_event"")",dn042_,log_reg,death_by_event+event_ever+since_last_int,dn042_,0.82208302212251,0.810029790990235,0.834330447898478,7.9973187518917e-149
long_nostrict,younger_than_55_w1,"c(""event_ever"", ""since_last_int"", ""death_by_event"")",dn042_,log_reg,death_by_event+event_ever+since_last_int,dn042_,0.851801846237564,0.834064897515948,0.869931443222031,1.97692530915648e-50
cross,younger_than_55_w1,"c(""event_ever"", ""age_at_event"", ""since_last_int"", ""death_by_event"")",country,log_reg,age_at_event+death_by_event+event_ever+since_last_int,country,0.924400329456586,0.909141298757547,0.939934773379944,2.2247378512824e-20
long_w1,born_after1954,"c(""event_ever"", ""age_at_event"", ""since_last_int"", ""death_by_event"")",country,log_reg,age_at_event+death_by_event+event_ever+since_last_int,country,0.866845339625937,0.838449288412118,0.896291391912506,4.58547888467904e-17
long_w1,married_before18,event_ever,country,log_reg,event_ever,country,0.880217420352225,0.849710477739176,0.911945852003492,1.48403018980285e-12
cross,country,"c(""event_ever"", ""age_at_event"")",country,log_reg,age_at_event+event_ever,country,0.89100534911255,0.877618565463691,0.904619996191071,2.14275213034645e-50
long_w1,born_after1954,"c(""event_ever"", ""age_at_event"", ""death_by_event"")",country,log_reg,age_at_event+death_by_event+event_ever,country,0.870320782114931,0.841732183047806,0.899971288276105,3.99778596543238e-16
long_nostrict,married_before18,"c(""event_ever"", ""since_last_int"", ""death_by_event"")",country,log_reg,death_by_event+event_ever+since_last_int,country,0.873080289257102,0.857544167501693,0.888927224295417,1.40435168783001e-49
cross,country,"c(""event_ever"", ""age_at_event"", ""since_last_int"", ""death_by_event"")",dn010_,log_reg,age_at_event+death_by_event+event_ever+since_last_int,dn010_,0.872218376859786,0.858923653889033,0.885745386155465,4.91392808379598e-68
cross,born_after1954,"c(""event_ever"", ""age_at_event"", ""since_last_int"", ""death_by_event"")",dn010_,log_reg,age_at_event+death_by_event+event_ever+since_last_int,dn010_,0.88965495770984,0.875350414503415,0.904219727525804,2.64222189036185e-45
cross,married_before18,"c(""event_ever"", ""age_at_event"")",dn010_,log_reg,age_at_event+event_ever,dn010_,0.888314969449647,0.874547565838634,0.902329907118012,7.45577157840052e-50
cross,country,"c(""event_ever"", ""age_at_event"", ""death_by_event"")",dn010_,log_reg,age_at_event+death_by_event+event_ever,dn010_,0.872218376859786,0.858923653889033,0.885745386155465,4.91392808379598e-68
cross,married_before18,"c(""event_ever"", ""since_last_int"", ""death_by_event"")",dn010_,log_reg,death_by_event+event_ever+since_last_int,dn010_,0.873934352424073,0.860802497109076,0.887292558188056,5.02587541612913e-68
cross,married_before18,"c(""event_ever"", ""death_by_event"")",dn010_,log_reg,death_by_event+event_ever,dn010_,0.873934352424073,0.860802497109076,0.887292558188056,5.02587541612913e-68
cross,divorced_widowed,"c(""event_ever"", ""death_by_event"")",dn010_,log_reg,death_by_event+event_ever,dn010_,0.873403731860343,0.860298268078917,0.886735039659589,8.22786915761796e-69
long_w1,divorced_widowed,event_ever,br002_,log_reg,event_ever,br002_,0.948558156574341,0.902812380447123,0.99696927797954,0.03688173941608
cross,younger_than_55_w1,event_ever,br002_,log_reg,event_ever,br002_,0.996654085756159,0.969146806710281,1.02504884426308,0.814766106165955
cross,none,"c(""event_ever"", ""age_at_event"")",br002_,log_reg,age_at_event+event_ever,br002_,0.95719715858723,0.934846340436861,0.980167832804355,0.000291914918389804
long_w1,born_after1954,"c(""event_ever"", ""age_at_event"", ""death_by_event"")",br002_,log_reg,age_at_event+death_by_event+event_ever,br002_,0.954278877972405,0.910125129804179,1.00086386201204,0.0535405197391441
cross,none,"c(""event_ever"", ""since_last_int"", ""death_by_event"")",br002_,log_reg,death_by_event+event_ever+since_last_int,br002_,0.944422765501445,0.92310527157156,0.96630528864193,9.52813632143929e-07
cross,younger_than_55_w1,"c(""event_ever"", ""age_at_event"", ""since_last_int"", ""death_by_event"")",phactiv,log_reg,age_at_event+death_by_event+event_ever+since_last_int,phactiv,0.940270310075526,0.92360963329604,0.957259938102826,1.51553180150276e-11
cross,divorced_widowed,event_ever,phactiv,log_reg,event_ever,phactiv,0.919371652187824,0.904488492215001,0.934532814472592,6.46939071852436e-24
long_nostrict,married_before18,"c(""event_ever"", ""age_at_event"", ""death_by_event"")",phactiv,log_reg,age_at_event+death_by_event+event_ever,phactiv,0.895508564123874,0.879137511666005,0.912222099337493,1.12143018343307e-31
long_w1,country,"c(""event_ever"", ""age_at_event"", ""death_by_event"")",phactiv,log_reg,age_at_event+death_by_event+event_ever,phactiv,0.890770711444676,0.859800429951993,0.922981281880751,1.60828110807329e-10
long_nostrict,country,"c(""event_ever"", ""age_at_event"", ""death_by_event"")",phactiv,log_reg,age_at_event+death_by_event+event_ever,phactiv,0.894973326802104,0.878312976711221,0.911988702505374,6.51440672653176e-31
long_w1,younger_than_55_w1,"c(""event_ever"", ""since_last_int"", ""death_by_event"")",phactiv,log_reg,death_by_event+event_ever+since_last_int,phactiv,0.927455516174476,0.895103178369661,0.961093155890023,3.31889444531157e-05
long_w1,younger_than_55_w1,"c(""event_ever"", ""age_at_event"", ""death_by_event"")","c(""age_int"", ""dn042_"")",log_reg,age_at_event+death_by_event+event_ever,age_int+dn042_,1.01365062407539,0.974390366049041,1.05465071418104,0.501905441051472
long_nostrict,younger_than_55_w1,"c(""event_ever"", ""age_at_event"", ""death_by_event"")","c(""age_int"", ""dn042_"")",log_reg,age_at_event+death_by_event+event_ever,age_int+dn042_,0.973129346207942,0.951566187980251,0.995220018879336,0.0172915620449157
long_nostrict,country,"c(""event_ever"", ""since_last_int"", ""death_by_event"")","c(""age_int"", ""dn042_"")",log_reg,death_by_event+event_ever+since_last_int,age_int+dn042_,0.959272599796017,0.940437132479303,0.978528139748388,4.04086758771337e-05
cross,divorced_widowed,"c(""event_ever"", ""age_at_event"", ""since_last_int"", ""death_by_event"")","c(""age_int"", ""country"")",log_reg,age_at_event+death_by_event+event_ever+since_last_int,age_int+country,1.04022013667077,1.02419981603729,1.05652509735365,6.54426241708207e-07
long_w1,younger_than_55_w1,"c(""event_ever"", ""age_at_event"", ""since_last_int"", ""death_by_event"")","c(""age_int"", ""country"")",log_reg,age_at_event+death_by_event+event_ever+since_last_int,age_int+country,1.09094854735043,1.04981161358832,1.13390048141968,9.48242593067484e-06
cross,born_after1954,"c(""event_ever"", ""age_at_event"")","c(""age_int"", ""country"")",log_reg,age_at_event+event_ever,age_int+country,1.0644840442562,1.04655420115279,1.08276088832939,5.91136214911177e-13
cross,divorced_widowed,"c(""event_ever"", ""age_at_event"", ""since_last_int"")","c(""age_int"", ""country"")",log_reg,age_at_event+event_ever+since_last_int,age_int+country,1.05085344348483,1.03425621406711,1.06775467140185,1.06057887304758e-09
cross,none,"c(""event_ever"", ""since_last_int"", ""death_by_event"")","c(""age_int"", ""country"")",log_reg,death_by_event+event_ever+since_last_int,age_int+country,1.04020196525365,1.02418189282267,1.05650667494505,6.6194576157558e-07
long_nostrict,divorced_widowed,"c(""event_ever"", ""since_last_int"", ""death_by_event"")","c(""age_int"", ""country"")",log_reg,death_by_event+event_ever+since_last_int,age_int+country,1.03640526988528,1.01665413575207,1.05659171304004,0.000274912849367774
long_w1,younger_than_55_w1,"c(""event_ever"", ""since_last_int"", ""death_by_event"")","c(""age_int"", ""country"")",log_reg,death_by_event+event_ever+since_last_int,age_int+country,1.09094854735043,1.04981161358832,1.13390048141968,9.48242593067484e-06
long_nostrict,younger_than_55_w1,"c(""event_ever"", ""since_last_int"", ""death_by_event"")","c(""age_int"", ""country"")",log_reg,death_by_event+event_ever+since_last_int,age_int+country,1.05526406731883,1.03251729901213,1.07856699858026,1.34800558047898e-06
long_nostrict,none,"c(""event_ever"", ""age_at_event"", ""since_last_int"", ""death_by_event"")","c(""age_int"", ""dn010_"")",log_reg,age_at_event+death_by_event+event_ever+since_last_int,age_int+dn010_,0.998968022505276,0.978524169619145,1.01990828154628,0.92216011756778
cross,married_before18,"c(""event_ever"", ""age_at_event"", ""death_by_event"")","c(""age_int"", ""dn010_"")",log_reg,age_at_event+death_by_event+event_ever,age_int+dn010_,1.00965193581847,0.993444991357851,1.02616347254891,0.245195704251065
long_w1,married_before18,"c(""event_ever"", ""age_at_event"", ""since_last_int"")","c(""age_int"", ""dn010_"")",log_reg,age_at_event+event_ever+since_last_int,age_int+dn010_,1.11781014915534,1.07077010087629,1.1673216172122,4.2546916085491e-07
long_nostrict,none,"c(""event_ever"", ""since_last_int"", ""death_by_event"")","c(""age_int"", ""dn010_"")",log_reg,death_by_event+event_ever+since_last_int,age_int+dn010_,0.998968022505276,0.978524169619145,1.01990828154628,0.92216011756778
long_w1,younger_than_55_w1,"c(""event_ever"", ""death_by_event"")","c(""age_int"", ""dn010_"")",log_reg,death_by_event+event_ever,age_int+dn010_,1.08590517898264,1.04116861149952,1.13288037438594,0.000129678099955523
long_nostrict,none,"c(""event_ever"", ""age_at_event"", ""since_last_int"", ""death_by_event"")","c(""age_int"", ""br002_"")",log_reg,age_at_event+death_by_event+event_ever+since_last_int,age_int+br002_,1.03620152242613,1.00752352397022,1.06582609233949,0.0132078421639535
cross,married_before18,"c(""event_ever"", ""age_at_event"", ""since_last_int"", ""death_by_event"")","c(""age_int"", ""br002_"")",log_reg,age_at_event+death_by_event+event_ever+since_last_int,age_int+br002_,1.04141252964915,1.01669920195344,1.06682140393567,0.000947750507383444
long_w1,divorced_widowed,"c(""event_ever"", ""age_at_event"", ""since_last_int"", ""death_by_event"")","c(""age_int"", ""br002_"")",log_reg,age_at_event+death_by_event+event_ever+since_last_int,age_int+br002_,1.14241242974296,1.08541292748886,1.20291189573595,3.81007204716302e-07
long_nostrict,none,event_ever,"c(""age_int"", ""br002_"")",log_reg,event_ever,age_int+br002_,1.04249019185996,1.01288362908451,1.07310759445041,0.00473793687822899
cross,divorced_widowed,"c(""event_ever"", ""age_at_event"")","c(""age_int"", ""br002_"")",log_reg,age_at_event+event_ever,age_int+br002_,1.0503607704506,1.02476420976213,1.07670466037185,9.79474800406535e-05
cross,divorced_widowed,"c(""event_ever"", ""age_at_event"", ""death_by_event"")","c(""age_int"", ""br002_"")",log_reg,age_at_event+death_by_event+event_ever,age_int+br002_,1.04444586553826,1.0196590518295,1.0699316542689,0.000396775393479989
cross,divorced_widowed,"c(""event_ever"", ""age_at_event"", ""since_last_int"")","c(""age_int"", ""br002_"")",log_reg,age_at_event+event_ever+since_last_int,age_int+br002_,1.0478013136505,1.0223033521936,1.07404191498172,0.000209256194906175
cross,none,"c(""event_ever"", ""death_by_event"")","c(""age_int"", ""br002_"")",log_reg,death_by_event+event_ever,age_int+br002_,1.04444586553826,1.0196590518295,1.0699316542689,0.000396775393479989
long_nostrict,divorced_widowed,"c(""event_ever"", ""death_by_event"")","c(""age_int"", ""br002_"")",log_reg,death_by_event+event_ever,age_int+br002_,1.03906110005361,1.01025818517783,1.06881732672331,0.00768054807097361
long_nostrict,none,"c(""event_ever"", ""age_at_event"", ""since_last_int"", ""death_by_event"")","c(""age_int"", ""phactiv"")",log_reg,age_at_event+death_by_event+event_ever+since_last_int,age_int+phactiv,1.02439890582888,1.0045976725052,1.04464819910711,0.0156408837892145
long_nostrict,married_before18,event_ever,"c(""age_int"", ""phactiv"")",log_reg,event_ever,age_int+phactiv,1.0381655990642,1.01749347246923,1.05932262162892,0.000267988470953083
long_nostrict,younger_than_55_w1,event_ever,"c(""age_int"", ""phactiv"")",log_reg,event_ever,age_int+phactiv,1.05215610186853,1.02851562537104,1.07640954683319,1.19326030272468e-05
cross,none,"c(""event_ever"", ""age_at_event"")","c(""age_int"", ""phactiv"")",log_reg,age_at_event+event_ever,age_int+phactiv,1.04716649562892,1.0292424523837,1.06545149003825,1.73987467198414e-07
long_w1,country,"c(""event_ever"", ""age_at_event"", ""death_by_event"")","c(""age_int"", ""phactiv"")",log_reg,age_at_event+death_by_event+event_ever,age_int+phactiv,1.09833028654672,1.05666588336565,1.14188165323725,2.1306068796917e-06
long_nostrict,married_before18,"c(""event_ever"", ""death_by_event"")","c(""age_int"", ""phactiv"")",log_reg,death_by_event+event_ever,age_int+phactiv,1.02797511467019,1.0080376076445,1.04836536228766,0.00582965012920019
long_w1,divorced_widowed,"c(""event_ever"", ""age_at_event"", ""death_by_event"")","c(""dn042_"", ""country"")",log_reg,age_at_event+death_by_event+event_ever,country+dn042_,0.802093094247989,0.77513587130297,0.83004856823981,1.43060306446839e-36
long_nostrict,divorced_widowed,"c(""event_ever"", ""age_at_event"", ""death_by_event"")","c(""dn042_"", ""country"")",log_reg,age_at_event+death_by_event+event_ever,country+dn042_,0.834541568171027,0.819340802482152,0.85004767599917,9.39916077777684e-83
cross,country,"c(""event_ever"", ""age_at_event"", ""death_by_event"")","c(""dn042_"", ""country"")",log_reg,age_at_event+death_by_event+event_ever,country+dn042_,0.834412356295186,0.821982346653784,0.847045612679614,2.08161587135764e-123
long_nostrict,younger_than_55_w1,"c(""event_ever"", ""since_last_int"", ""death_by_event"")","c(""dn042_"", ""country"")",log_reg,death_by_event+event_ever+since_last_int,country+dn042_,0.862584900836615,0.844359805555037,0.881219901385175,6.77549764290646e-42
cross,born_after1954,"c(""event_ever"", ""death_by_event"")","c(""dn042_"", ""country"")",log_reg,death_by_event+event_ever,country+dn042_,0.850572085970647,0.83704825551628,0.86432724668909,4.17500866464764e-87
long_w1,none,"c(""event_ever"", ""age_at_event"", ""since_last_int"", ""death_by_event"")","c(""dn042_"", ""dn010_"")",log_reg,age_at_event+death_by_event+event_ever+since_last_int,dn010_+dn042_,0.838048640308374,0.806516251598446,0.870962142061228,2.06299558723652e-19
long_w1,married_before18,"c(""event_ever"", ""age_at_event"", ""death_by_event"")","c(""dn042_"", ""dn010_"")",log_reg,age_at_event+death_by_event+event_ever,dn010_+dn042_,0.838542403694847,0.806946797112414,0.871522470591057,3.04514082102843e-19
long_w1,younger_than_55_w1,"c(""event_ever"", ""age_at_event"", ""since_last_int"")","c(""dn042_"", ""dn010_"")",log_reg,age_at_event+event_ever+since_last_int,dn010_+dn042_,0.900160037128788,0.86199762904307,0.940225481900673,2.06550081589438e-06
long_w1,married_before18,"c(""event_ever"", ""since_last_int"", ""death_by_event"")","c(""dn042_"", ""dn010_"")",log_reg,death_by_event+event_ever+since_last_int,dn010_+dn042_,0.838542403694847,0.806946797112414,0.871522470591057,3.04514082102843e-19
cross,divorced_widowed,"c(""event_ever"", ""age_at_event"", ""since_last_int"", ""death_by_event"")","c(""dn042_"", ""br002_"")",log_reg,age_at_event+death_by_event+event_ever+since_last_int,br002_+dn042_,0.881682127749907,0.861232042773411,0.902672794392354,8.28667574821572e-26
cross,country,"c(""event_ever"", ""age_at_event"", ""death_by_event"")","c(""dn042_"", ""br002_"")",log_reg,age_at_event+death_by_event+event_ever,br002_+dn042_,0.885522140576194,0.864578570657686,0.907032109470332,2.71483825886231e-23
cross,born_after1954,"c(""event_ever"", ""age_at_event"", ""since_last_int"")","c(""dn042_"", ""br002_"")",log_reg,age_at_event+event_ever+since_last_int,br002_+dn042_,0.902064127429503,0.878521326080597,0.926306825862322,2.37441686598897e-14
long_w1,none,event_ever,"c(""dn042_"", ""phactiv"")",log_reg,event_ever,dn042_+phactiv,0.872215858197216,0.840626823012488,0.905118456389033,4.13682465374979e-13
cross,divorced_widowed,event_ever,"c(""dn042_"", ""phactiv"")",log_reg,event_ever,dn042_+phactiv,0.873477583524474,0.859033766008946,0.888190945306875,7.836585950172e-57
long_nostrict,country,event_ever,"c(""dn042_"", ""phactiv"")",log_reg,event_ever,dn042_+phactiv,0.870846014825093,0.853795216041299,0.888275164965791,1.11913983059568e-42
cross,born_after1954,"c(""event_ever"", ""age_at_event"")","c(""dn042_"", ""phactiv"")",log_reg,age_at_event+event_ever,dn042_+phactiv,0.888052089551537,0.872304443584332,0.904109703672144,1.29640135359083e-38
long_nostrict,born_after1954,"c(""event_ever"", ""since_last_int"", ""death_by_event"")","c(""dn042_"", ""phactiv"")",log_reg,death_by_event+event_ever+since_last_int,dn042_+phactiv,0.862143006292765,0.844948220152784,0.879715318807485,3.85673818894467e-47
long_nostrict,none,"c(""event_ever"", ""age_at_event"", ""since_last_int"", ""death_by_event"")","c(""country"", ""dn010_"")",log_reg,age_at_event+death_by_event+event_ever+since_last_int,country+dn010_,0.903760938122938,0.885943406381846,0.921988378963475,2.59528952963723e-23
cross,born_after1954,"c(""event_ever"", ""age_at_event"")","c(""country"", ""dn010_"")",log_reg,age_at_event+event_ever,country+dn010_,0.937071993781224,0.92116361436586,0.95329014112325,1.0675623458271e-13
long_w1,married_before18,"c(""event_ever"", ""age_at_event"", ""death_by_event"")","c(""country"", ""dn010_"")",log_reg,age_at_event+death_by_event+event_ever,country+dn010_,0.894183961280641,0.860959793856692,0.928877542369817,7.7165202905572e-09
long_nostrict,divorced_widowed,"c(""event_ever"", ""age_at_event"", ""since_last_int"")","c(""country"", ""dn010_"")",log_reg,age_at_event+event_ever+since_last_int,country+dn010_,0.92408279371319,0.905265661548719,0.943352500917805,5.89477709037435e-14
long_nostrict,country,"c(""event_ever"", ""death_by_event"")","c(""country"", ""dn010_"")",log_reg,death_by_event+event_ever,country+dn010_,0.905620797814078,0.88745028813869,0.92421628547115,1.03207499999208e-21
long_nostrict,younger_than_55_w1,"c(""event_ever"", ""death_by_event"")","c(""country"", ""dn010_"")",log_reg,death_by_event+event_ever,country+dn010_,0.935741343358973,0.914678909323451,0.957344601276193,1.12378323754365e-08
long_nostrict,born_after1954,"c(""event_ever"", ""age_at_event"", ""since_last_int"", ""death_by_event"")","c(""country"", ""br002_"")",log_reg,age_at_event+death_by_event+event_ever+since_last_int,br002_+country,0.959727836889784,0.932029705422378,0.988358485622264,0.00603267582765191
long_nostrict,married_before18,event_ever,"c(""country"", ""br002_"")",log_reg,event_ever,br002_+country,0.959715906792764,0.933188850142719,0.987111548598659,0.00411281212064305
long_nostrict,younger_than_55_w1,event_ever,"c(""country"", ""br002_"")",log_reg,event_ever,br002_+country,0.999765155776102,0.967072798461665,1.03370966050143,0.988975523296044
long_nostrict,married_before18,"c(""event_ever"", ""age_at_event"")","c(""country"", ""br002_"")",log_reg,age_at_event+event_ever,br002_+country,0.959715906792764,0.933188850142719,0.987111548598659,0.00411281212064305
cross,younger_than_55_w1,"c(""event_ever"", ""age_at_event"", ""death_by_event"")","c(""country"", ""br002_"")",log_reg,age_at_event+death_by_event+event_ever,br002_+country,0.989049418160165,0.962260205564767,1.01667281630965,0.432622242564305
long_nostrict,married_before18,"c(""event_ever"", ""since_last_int"", ""death_by_event"")","c(""country"", ""br002_"")",log_reg,death_by_event+event_ever+since_last_int,br002_+country,0.944374060996746,0.919084690871521,0.970457165579067,3.70560967845293e-05
long_nostrict,younger_than_55_w1,"c(""event_ever"", ""since_last_int"", ""death_by_event"")","c(""country"", ""br002_"")",log_reg,death_by_event+event_ever+since_last_int,br002_+country,0.97890273297884,0.947925289584375,1.01101165251112,0.19451721885545
cross,divorced_widowed,"c(""event_ever"", ""death_by_event"")","c(""country"", ""br002_"")",log_reg,death_by_event+event_ever,br002_+country,0.952953470416136,0.931153131900854,0.975337683432634,4.60430855773625e-05
cross,born_after1954,"c(""event_ever"", ""death_by_event"")","c(""country"", ""br002_"")",log_reg,death_by_event+event_ever,br002_+country,0.969047948674677,0.945088225443599,0.99369657420914,0.0139920498087258
long_w1,married_before18,event_ever,"c(""country"", ""phactiv"")",log_reg,event_ever,country+phactiv,0.930291005580527,0.897095787858637,0.964875492439642,0.000100622398938606
long_w1,younger_than_55_w1,"c(""event_ever"", ""age_at_event"", ""death_by_event"")","c(""country"", ""phactiv"")",log_reg,age_at_event+death_by_event+event_ever,country+phactiv,0.935625178144782,0.902500681974194,0.970083931286674,0.000303616941008792
cross,none,"c(""event_ever"", ""age_at_event"", ""since_last_int"")","c(""country"", ""phactiv"")",log_reg,age_at_event+event_ever+since_last_int,country+phactiv,0.929330490681669,0.914124957248296,0.944822174194092,3.36626103921856e-18
long_nostrict,none,"c(""event_ever"", ""since_last_int"", ""death_by_event"")","c(""country"", ""phactiv"")",log_reg,death_by_event+event_ever+since_last_int,country+phactiv,0.904714384606367,0.888013399591679,0.921767391418201,6.83919066729743e-26
long_nostrict,country,"c(""event_ever"", ""since_last_int"", ""death_by_event"")","c(""country"", ""phactiv"")",log_reg,death_by_event+event_ever+since_last_int,country+phactiv,0.906746982437431,0.88968431614771,0.92417624400839,6.19219413530427e-24
cross,none,"c(""event_ever"", ""death_by_event"")","c(""country"", ""phactiv"")",log_reg,death_by_event+event_ever,country+phactiv,0.910493073283304,0.896082683111671,0.925163166425667,1.18554984353493e-30
long_w1,divorced_widowed,"c(""event_ever"", ""death_by_event"")","c(""country"", ""phactiv"")",log_reg,death_by_event+event_ever,country+phactiv,0.897038788784462,0.866859720600426,0.928386843657911,5.23931605678586e-10
long_w1,married_before18,"c(""event_ever"", ""age_at_event"", ""since_last_int"", ""death_by_event"")","c(""dn010_"", ""br002_"")",log_reg,age_at_event+death_by_event+event_ever+since_last_int,br002_+dn010_,0.975109024206806,0.921211084066156,1.0328131388701,0.387473638424918
long_nostrict,country,"c(""event_ever"", ""age_at_event"", ""since_last_int"", ""death_by_event"")","c(""dn010_"", ""br002_"")",log_reg,age_at_event+death_by_event+event_ever+since_last_int,br002_+dn010_,0.951846134246809,0.923511992558908,0.981206342480842,0.00140994658082495
long_nostrict,born_after1954,"c(""event_ever"", ""age_at_event"", ""since_last_int"", ""death_by_event"")","c(""dn010_"", ""br002_"")",log_reg,age_at_event+death_by_event+event_ever+since_last_int,br002_+dn010_,0.960291583022568,0.929581800289926,0.992191938734954,0.014814840964472
long_w1,none,"c(""event_ever"", ""age_at_event"")","c(""dn010_"", ""br002_"")",log_reg,age_at_event+event_ever,br002_+dn010_,0.984239383899411,0.927138306525221,1.04565712180159,0.604621870098628
long_nostrict,none,"c(""event_ever"", ""age_at_event"")","c(""dn010_"", ""br002_"")",log_reg,age_at_event+event_ever,br002_+dn010_,0.960108225615022,0.931187941415913,0.990099046238389,0.00928033558409913
cross,married_before18,"c(""event_ever"", ""age_at_event"", ""since_last_int"")","c(""dn010_"", ""br002_"")",log_reg,age_at_event+event_ever+since_last_int,br002_+dn010_,0.962897124033389,0.938678831314756,0.987852849686854,0.00369887224109916
long_nostrict,born_after1954,event_ever,"c(""dn010_"", ""phactiv"")",log_reg,event_ever,dn010_+phactiv,0.937447550661757,0.917146175578161,0.958267364390407,7.76785419499817e-09
long_nostrict,born_after1954,event_ever,"c(""dn010_"", ""phactiv"")",log_reg,event_ever,dn010_+phactiv,0.937447550661757,0.917146175578161,0.958267364390407,7.76785419499817e-09
long_w1,born_after1954,"c(""event_ever"", ""age_at_event"", ""death_by_event"")","c(""dn010_"", ""phactiv"")",log_reg,age_at_event+death_by_event+event_ever,dn010_+phactiv,0.936440023367258,0.901396881127196,0.973063205469224,0.000765106853666048
cross,country,"c(""event_ever"", ""since_last_int"", ""death_by_event"")","c(""dn010_"", ""phactiv"")",log_reg,death_by_event+event_ever+since_last_int,dn010_+phactiv,0.90842318171927,0.893147181542646,0.923997052862024,1.43611752339206e-28
long_w1,none,"c(""event_ever"", ""death_by_event"")","c(""dn010_"", ""phactiv"")",log_reg,death_by_event+event_ever,dn010_+phactiv,0.920201098834305,0.885886839882186,0.956059546991744,1.89664970093138e-05
long_w1,younger_than_55_w1,"c(""event_ever"", ""death_by_event"")","c(""dn010_"", ""phactiv"")",log_reg,death_by_event+event_ever,dn010_+phactiv,0.950933855076006,0.913849657853576,0.98973866612393,0.0134228677470747
long_nostrict,born_after1954,"c(""event_ever"", ""death_by_event"")","c(""dn010_"", ""phactiv"")",log_reg,death_by_event+event_ever,dn010_+phactiv,0.918856213419421,0.899595998426772,0.938586479091051,5.33170751665341e-15
long_nostrict,married_before18,event_ever,"c(""br002_"", ""phactiv"")",log_reg,event_ever,br002_+phactiv,0.978888255442513,0.951719372234536,1.00695826255103,0.138179645960003
cross,divorced_widowed,"c(""event_ever"", ""age_at_event"")","c(""br002_"", ""phactiv"")",log_reg,age_at_event+event_ever,br002_+phactiv,0.99096298905976,0.967362432272866,1.01523439677234,0.461261701958513
long_nostrict,divorced_widowed,"c(""event_ever"", ""age_at_event"", ""death_by_event"")","c(""br002_"", ""phactiv"")",log_reg,age_at_event+death_by_event+event_ever,br002_+phactiv,0.968123690388076,0.942044378214125,0.995035977904624,0.020312454936284
long_w1,younger_than_55_w1,"c(""event_ever"", ""age_at_event"", ""death_by_event"")","c(""br002_"", ""phactiv"")",log_reg,age_at_event+death_by_event+event_ever,br002_+phactiv,1.0261208729774,0.97455228135766,1.08079536271643,0.328590071748878
long_w1,none,"c(""event_ever"", ""death_by_event"")","c(""br002_"", ""phactiv"")",log_reg,death_by_event+event_ever,br002_+phactiv,0.990179631412654,0.943412456468194,1.03962278171814,0.690322924823498
long_w1,married_before18,"c(""event_ever"", ""death_by_event"")","c(""br002_"", ""phactiv"")",log_reg,death_by_event+event_ever,br002_+phactiv,0.991114854413037,0.944274860029271,1.04063528176239,0.718784935651937
long_w1,born_after1954,"c(""event_ever"", ""age_at_event"", ""death_by_event"")","c(""age_int"", ""dn042_"", ""country"")",log_reg,age_at_event+death_by_event+event_ever,age_int+country+dn042_,1.02525378503898,0.986920823896,1.06524594580613,0.200482639991518
cross,born_after1954,"c(""event_ever"", ""age_at_event"", ""death_by_event"")","c(""age_int"", ""dn042_"", ""country"")",log_reg,age_at_event+death_by_event+event_ever,age_int+country+dn042_,0.985010643748626,0.968269440877682,1.00206873842947,0.0844404457246264
long_w1,none,"c(""event_ever"", ""age_at_event"", ""since_last_int"")","c(""age_int"", ""dn042_"", ""country"")",log_reg,age_at_event+event_ever+since_last_int,age_int+country+dn042_,1.02712636031252,0.987171669618476,1.06889856940972,0.187129989608812
long_w1,married_before18,"c(""event_ever"", ""since_last_int"", ""death_by_event"")","c(""age_int"", ""dn042_"", ""country"")",log_reg,death_by_event+event_ever+since_last_int,age_int+country+dn042_,1.01884886503383,0.980853589227086,1.05848493729768,0.336538160215009
cross,married_before18,"c(""event_ever"", ""since_last_int"", ""death_by_event"")","c(""age_int"", ""dn042_"", ""country"")",log_reg,death_by_event+event_ever+since_last_int,age_int+country+dn042_,0.976304651226124,0.96082892114835,0.992057373808253,0.00329253471849584
long_nostrict,divorced_widowed,"c(""event_ever"", ""death_by_event"")","c(""age_int"", ""dn042_"", ""country"")",log_reg,death_by_event+event_ever,age_int+country+dn042_,0.978882045285446,0.959697551434829,0.99849350848536,0.0347486343682116
cross,married_before18,"c(""event_ever"", ""age_at_event"")","c(""age_int"", ""dn042_"", ""dn010_"")",log_reg,age_at_event+event_ever,age_int+dn010_+dn042_,0.961469642556371,0.945212657517291,0.978044276649573,6.44649197920241e-06
cross,born_after1954,"c(""event_ever"", ""age_at_event"")","c(""age_int"", ""dn042_"", ""dn010_"")",log_reg,age_at_event+event_ever,age_int+dn010_+dn042_,0.970280004038217,0.952640411729212,0.988284873232717,0.0012829607464406
long_nostrict,born_after1954,"c(""event_ever"", ""age_at_event"", ""since_last_int"")","c(""age_int"", ""dn042_"", ""dn010_"")",log_reg,age_at_event+event_ever+since_last_int,age_int+dn010_+dn042_,0.962800481696127,0.940635288514979,0.985557473535846,0.00144496409938985
long_w1,younger_than_55_w1,"c(""event_ever"", ""since_last_int"", ""death_by_event"")","c(""age_int"", ""dn042_"", ""dn010_"")",log_reg,death_by_event+event_ever+since_last_int,age_int+dn010_+dn042_,1.0004369481733,0.957807384113731,1.04520590543029,0.984352921297162
long_nostrict,born_after1954,"c(""event_ever"", ""since_last_int"", ""death_by_event"")","c(""age_int"", ""dn042_"", ""dn010_"")",log_reg,death_by_event+event_ever+since_last_int,age_int+dn010_+dn042_,0.949266940657526,0.928008244949993,0.971072094211234,6.80628417405527e-06
long_nostrict,younger_than_55_w1,"c(""event_ever"", ""death_by_event"")","c(""age_int"", ""dn042_"", ""dn010_"")",log_reg,death_by_event+event_ever,age_int+dn010_+dn042_,0.950141119866226,0.927249124190306,0.973654970442115,4.03267633899526e-05
long_nostrict,born_after1954,"c(""event_ever"", ""age_at_event"", ""since_last_int"", ""death_by_event"")","c(""age_int"", ""dn042_"", ""br002_"")",log_reg,age_at_event+death_by_event+event_ever+since_last_int,age_int+br002_+dn042_,0.972958208530939,0.942731419425621,1.00426573943845,0.0892059066878236
long_nostrict,born_after1954,"c(""event_ever"", ""age_at_event"", ""death_by_event"")","c(""age_int"", ""dn042_"", ""br002_"")",log_reg,age_at_event+death_by_event+event_ever,age_int+br002_+dn042_,0.975458802148236,0.945102847932669,1.00690326092459,0.124102520886569
cross,born_after1954,"c(""event_ever"", ""age_at_event"", ""death_by_event"")","c(""age_int"", ""dn042_"", ""br002_"")",log_reg,age_at_event+death_by_event+event_ever,age_int+br002_+dn042_,0.983939011815044,0.957756521158554,1.01092041393339,0.240037066956846
cross,none,"c(""event_ever"", ""since_last_int"", ""death_by_event"")","c(""age_int"", ""dn042_"", ""br002_"")",log_reg,death_by_event+event_ever+since_last_int,age_int+br002_+dn042_,0.970337297616408,0.946611596492528,0.994733473522098,0.0172861333495511
cross,married_before18,"c(""event_ever"", ""since_last_int"", ""death_by_event"")","c(""age_int"", ""dn042_"", ""br002_"")",log_reg,death_by_event+event_ever+since_last_int,age_int+br002_+dn042_,0.968460458502419,0.944738776602386,0.992852660938411,0.011433993746814
cross,divorced_widowed,"c(""event_ever"", ""since_last_int"", ""death_by_event"")","c(""age_int"", ""dn042_"", ""br002_"")",log_reg,death_by_event+event_ever+since_last_int,age_int+br002_+dn042_,0.970337297616408,0.946611596492528,0.994733473522098,0.0172861333495511
long_w1,younger_than_55_w1,"c(""event_ever"", ""since_last_int"", ""death_by_event"")","c(""age_int"", ""dn042_"", ""br002_"")",log_reg,death_by_event+event_ever+since_last_int,age_int+br002_+dn042_,1.04618013873048,0.988265288790797,1.10787970917312,0.121354825684739
long_w1,none,"c(""event_ever"", ""death_by_event"")","c(""age_int"", ""dn042_"", ""br002_"")",log_reg,death_by_event+event_ever,age_int+br002_+dn042_,1.04799969642669,0.993443486842225,1.10596508953073,0.086711294111787
cross,none,"c(""event_ever"", ""age_at_event"")","c(""age_int"", ""dn042_"", ""phactiv"")",log_reg,age_at_event+event_ever,age_int+dn042_+phactiv,0.983444203797138,0.966199225897238,1.00103786363385,0.0646811078640503
long_w1,married_before18,"c(""event_ever"", ""age_at_event"", ""death_by_event"")","c(""age_int"", ""dn042_"", ""phactiv"")",log_reg,age_at_event+death_by_event+event_ever,age_int+dn042_+phactiv,1.03577281298779,0.99687839414066,1.0763799524761,0.0725419802939454
cross,none,"c(""event_ever"", ""age_at_event"", ""since_last_int"")","c(""age_int"", ""dn042_"", ""phactiv"")",log_reg,age_at_event+event_ever+since_last_int,age_int+dn042_+phactiv,0.980729271076457,0.963562490378559,0.998242206230637,0.0309842671700078
long_w1,younger_than_55_w1,"c(""event_ever"", ""since_last_int"", ""death_by_event"")","c(""age_int"", ""dn042_"", ""phactiv"")",log_reg,death_by_event+event_ever+since_last_int,age_int+dn042_+phactiv,1.02079055048085,0.980798651277596,1.06258803687884,0.313869579431434
long_w1,divorced_widowed,"c(""event_ever"", ""death_by_event"")","c(""age_int"", ""dn042_"", ""phactiv"")",log_reg,death_by_event+event_ever,age_int+dn042_+phactiv,1.03604950353304,0.997191239076375,1.07661826912,0.0700590324535409
long_w1,country,"c(""event_ever"", ""death_by_event"")","c(""age_int"", ""dn042_"", ""phactiv"")",log_reg,death_by_event+event_ever,age_int+dn042_+phactiv,1.02513057032349,0.985227954802385,1.06685233009086,0.221545427688513
long_w1,divorced_widowed,"c(""event_ever"", ""age_at_event"")","c(""age_int"", ""country"", ""dn010_"")",log_reg,age_at_event+event_ever,age_int+country+dn010_,1.11830568408276,1.07078110055543,1.16834103306946,4.97988318798277e-07
cross,divorced_widowed,"c(""event_ever"", ""age_at_event"")","c(""age_int"", ""country"", ""dn010_"")",log_reg,age_at_event+event_ever,age_int+country+dn010_,1.0487919713772,1.03121522645374,1.06671599867182,3.43551763235687e-08
long_nostrict,divorced_widowed,"c(""event_ever"", ""age_at_event"", ""since_last_int"", ""death_by_event"")","c(""age_int"", ""country"", ""br002_"")",log_reg,age_at_event+death_by_event+event_ever+since_last_int,age_int+br002_+country,1.04632273886733,1.01701160074728,1.07660947211406,0.00182671987579005
long_w1,younger_than_55_w1,"c(""event_ever"", ""age_at_event"", ""since_last_int"", ""death_by_event"")","c(""age_int"", ""country"", ""br002_"")",log_reg,age_at_event+death_by_event+event_ever+since_last_int,age_int+br002_+country,1.13669148158776,1.07623983243288,1.20104046377128,4.69190394217727e-06
long_w1,none,event_ever,"c(""age_int"", ""country"", ""br002_"")",log_reg,event_ever,age_int+br002_+country,1.12690282954295,1.06803946285485,1.18955637998624,1.38202774986696e-05
long_w1,younger_than_55_w1,event_ever,"c(""age_int"", ""country"", ""br002_"")",log_reg,event_ever,age_int+br002_+country,1.12768162861864,1.06543754888259,1.19411744484466,3.60190411324374e-05
long_nostrict,married_before18,"c(""event_ever"", ""age_at_event"")","c(""age_int"", ""country"", ""br002_"")",log_reg,age_at_event+event_ever,age_int+br002_+country,1.05540673627744,1.02506065022261,1.08679735236151,0.000300724551913498
cross,younger_than_55_w1,"c(""event_ever"", ""age_at_event"")","c(""age_int"", ""country"", ""br002_"")",log_reg,age_at_event+event_ever,age_int+br002_+country,1.10064490999861,1.06871389139116,1.13367145264001,1.8777762415506e-10
long_w1,divorced_widowed,"c(""event_ever"", ""age_at_event"", ""since_last_int"", ""death_by_event"")","c(""age_int"", ""country"", ""phactiv"")",log_reg,age_at_event+death_by_event+event_ever+since_last_int,age_int+country+phactiv,1.11547190694518,1.07442246839018,1.15832603895721,1.2184823536482e-08
long_nostrict,younger_than_55_w1,"c(""event_ever"", ""age_at_event"", ""since_last_int"", ""death_by_event"")","c(""age_int"", ""country"", ""phactiv"")",log_reg,age_at_event+death_by_event+event_ever+since_last_int,age_int+country+phactiv,1.06040589953485,1.03696408344365,1.08444155521119,2.81069023061125e-07
long_nostrict,born_after1954,"c(""event_ever"", ""age_at_event"", ""since_last_int"", ""death_by_event"")","c(""age_int"", ""country"", ""phactiv"")",log_reg,age_at_event+death_by_event+event_ever+since_last_int,age_int+country+phactiv,1.05412791839804,1.0323117934272,1.07646786301929,8.07223125502782e-07
long_nostrict,none,"c(""event_ever"", ""age_at_event"")","c(""age_int"", ""country"", ""phactiv"")",log_reg,age_at_event+event_ever,age_int+country+phactiv,1.05879547268889,1.03745436603164,1.08064267862518,3.99599193301831e-08
cross,none,"c(""event_ever"", ""age_at_event"", ""death_by_event"")","c(""age_int"", ""country"", ""phactiv"")",log_reg,age_at_event+death_by_event+event_ever,age_int+country+phactiv,1.04947854176012,1.03181744682832,1.06748611803778,2.54136740746069e-08
long_nostrict,born_after1954,"c(""event_ever"", ""since_last_int"", ""death_by_event"")","c(""age_int"", ""country"", ""phactiv"")",log_reg,death_by_event+event_ever+since_last_int,age_int+country+phactiv,1.05412791839804,1.0323117934272,1.07646786301929,8.07223125502782e-07
cross,younger_than_55_w1,"c(""event_ever"", ""age_at_event"", ""death_by_event"")","c(""age_int"", ""dn010_"", ""br002_"")",log_reg,age_at_event+death_by_event+event_ever,age_int+br002_+dn010_,1.05183126179401,1.01999629634504,1.08481217819388,0.00130259164568556
long_w1,divorced_widowed,"c(""event_ever"", ""age_at_event"", ""since_last_int"")","c(""age_int"", ""dn010_"", ""br002_"")",log_reg,age_at_event+event_ever+since_last_int,age_int+br002_+dn010_,1.09721899376696,1.03066149185107,1.16905624032208,0.00388868002326992
cross,divorced_widowed,"c(""event_ever"", ""age_at_event"", ""since_last_int"")","c(""age_int"", ""dn010_"", ""br002_"")",log_reg,age_at_event+event_ever+since_last_int,age_int+br002_+dn010_,1.02232059354172,0.995684735646411,1.04979760637654,0.102007514623671
long_nostrict,divorced_widowed,"c(""event_ever"", ""since_last_int"", ""death_by_event"")","c(""age_int"", ""dn010_"", ""br002_"")",log_reg,death_by_event+event_ever+since_last_int,age_int+br002_+dn010_,1.00700434357586,0.976445426161602,1.03869139706601,0.657929575844653
long_nostrict,younger_than_55_w1,"c(""event_ever"", ""death_by_event"")","c(""age_int"", ""dn010_"", ""br002_"")",log_reg,death_by_event+event_ever,age_int+br002_+dn010_,1.04175771554757,1.00378380608942,1.08140673050625,0.0313139773801712
long_nostrict,born_after1954,event_ever,"c(""age_int"", ""dn010_"", ""phactiv"")",log_reg,event_ever,age_int+dn010_+phactiv,1.03603178208788,1.01260255191408,1.06009441578789,0.00246534294797434
long_w1,married_before18,"c(""event_ever"", ""age_at_event"")","c(""age_int"", ""dn010_"", ""phactiv"")",log_reg,age_at_event+event_ever,age_int+dn010_+phactiv,1.13430975732181,1.08602042938888,1.18518068199543,1.56452804050858e-08
cross,younger_than_55_w1,"c(""event_ever"", ""age_at_event"")","c(""age_int"", ""dn010_"", ""phactiv"")",log_reg,age_at_event+event_ever,age_int+dn010_+phactiv,1.05471580413581,1.03327851036223,1.07666217018875,3.82481650275858e-07
long_w1,married_before18,"c(""event_ever"", ""since_last_int"", ""death_by_event"")","c(""age_int"", ""dn010_"", ""phactiv"")",log_reg,death_by_event+event_ever+since_last_int,age_int+dn010_+phactiv,1.09943121201201,1.05523645943819,1.14581553121856,6.4083763900059e-06
cross,married_before18,"c(""event_ever"", ""death_by_event"")","c(""age_int"", ""dn010_"", ""phactiv"")",log_reg,death_by_event+event_ever,age_int+dn010_+phactiv,1.02115384663417,1.00328885393778,1.03938786938816,0.0202578973960493
cross,none,"c(""event_ever"", ""age_at_event"", ""since_last_int"", ""death_by_event"")","c(""age_int"", ""br002_"", ""phactiv"")",log_reg,age_at_event+death_by_event+event_ever+since_last_int,age_int+br002_+phactiv,1.06007966923452,1.03463062751165,1.0862584593153,2.64011836660142e-06
long_w1,born_after1954,"c(""event_ever"", ""age_at_event"", ""since_last_int"", ""death_by_event"")","c(""age_int"", ""br002_"", ""phactiv"")",log_reg,age_at_event+death_by_event+event_ever+since_last_int,age_int+br002_+phactiv,1.17495765140533,1.11525482460335,1.23843849365489,1.6071658484106e-09
cross,married_before18,"c(""event_ever"", ""age_at_event"", ""death_by_event"")","c(""age_int"", ""br002_"", ""phactiv"")",log_reg,age_at_event+death_by_event+event_ever,age_int+br002_+phactiv,1.06185085033779,1.03630164726642,1.08813429797792,1.43308350588041e-06
long_nostrict,country,"c(""event_ever"", ""age_at_event"", ""death_by_event"")","c(""dn042_"", ""country"", ""dn010_"")",log_reg,age_at_event+death_by_event+event_ever,country+dn010_+dn042_,0.862815682857612,0.84515616439619,0.880887713794228,2.40528532719585e-44
long_w1,married_before18,"c(""event_ever"", ""age_at_event"", ""since_last_int"")","c(""dn042_"", ""country"", ""dn010_"")",log_reg,age_at_event+event_ever+since_last_int,country+dn010_+dn042_,0.881204675435488,0.845366037930454,0.918784552800223,2.63104084140955e-09
long_nostrict,divorced_widowed,"c(""event_ever"", ""age_at_event"", ""since_last_int"")","c(""dn042_"", ""country"", ""dn010_"")",log_reg,age_at_event+event_ever+since_last_int,country+dn010_+dn042_,0.880341026692757,0.862063912445021,0.899057140646208,1.3219471212293e-32
cross,divorced_widowed,"c(""event_ever"", ""death_by_event"")","c(""dn042_"", ""country"", ""dn010_"")",log_reg,death_by_event+event_ever,country+dn010_+dn042_,0.852570381776192,0.839224685371079,0.866150246876989,2.99661446219806e-87
cross,born_after1954,"c(""event_ever"", ""age_at_event"", ""since_last_int"", ""death_by_event"")","c(""dn042_"", ""country"", ""br002_"")",log_reg,age_at_event+death_by_event+event_ever+since_last_int,br002_+country+dn042_,0.892931639137693,0.870059630173735,0.916459843885833,1.29412793847629e-17
long_w1,none,"c(""event_ever"", ""age_at_event"")","c(""dn042_"", ""country"", ""br002_"")",log_reg,age_at_event+event_ever,br002_+country+dn042_,0.877459284443329,0.833332573505229,0.924171676786229,7.29362178832622e-07
cross,country,"c(""event_ever"", ""age_at_event"")","c(""dn042_"", ""country"", ""br002_"")",log_reg,age_at_event+event_ever,br002_+country+dn042_,0.90662857022635,0.884268736942509,0.929624892695411,1.56496732365192e-14
cross,divorced_widowed,"c(""event_ever"", ""age_at_event"", ""death_by_event"")","c(""dn042_"", ""country"", ""br002_"")",log_reg,age_at_event+death_by_event+event_ever,br002_+country+dn042_,0.888376054982408,0.867499360537747,0.909810380472308,1.96910718892849e-22
long_nostrict,divorced_widowed,"c(""event_ever"", ""since_last_int"", ""death_by_event"")","c(""dn042_"", ""country"", ""br002_"")",log_reg,death_by_event+event_ever+since_last_int,br002_+country+dn042_,0.878553052903362,0.854366165155527,0.903497682179688,1.10764341259377e-19
long_nostrict,divorced_widowed,"c(""event_ever"", ""age_at_event"", ""since_last_int"", ""death_by_event"")","c(""dn042_"", ""country"", ""phactiv"")",log_reg,age_at_event+death_by_event+event_ever+since_last_int,country+dn042_+phactiv,0.859151287758393,0.842941290684674,0.875702730881378,6.46130449366159e-55
cross,none,event_ever,"c(""dn042_"", ""country"", ""phactiv"")",log_reg,event_ever,country+dn042_+phactiv,0.883552258567555,0.868748962772023,0.898634759538242,1.07380980820598e-46
long_w1,married_before18,"c(""event_ever"", ""age_at_event"")","c(""dn042_"", ""country"", ""phactiv"")",log_reg,age_at_event+event_ever,country+dn042_+phactiv,0.874368918939856,0.842374665870959,0.907701802115671,1.83268481739097e-12
long_w1,country,"c(""event_ever"", ""age_at_event"", ""death_by_event"")","c(""dn042_"", ""country"", ""phactiv"")",log_reg,age_at_event+death_by_event+event_ever,country+dn042_+phactiv,0.843073680477367,0.81273718155605,0.874632794253527,7.69708378092219e-20
long_nostrict,born_after1954,"c(""event_ever"", ""age_at_event"", ""death_by_event"")","c(""dn042_"", ""country"", ""phactiv"")",log_reg,age_at_event+death_by_event+event_ever,country+dn042_+phactiv,0.875651440627877,0.857905549025719,0.893793442413022,5.78108325162876e-37
long_nostrict,younger_than_55_w1,"c(""event_ever"", ""death_by_event"")","c(""dn042_"", ""country"", ""phactiv"")",log_reg,death_by_event+event_ever,country+dn042_+phactiv,0.889301803120229,0.869803309518485,0.909263030396984,3.55840770838503e-25
cross,born_after1954,"c(""event_ever"", ""death_by_event"")","c(""dn042_"", ""country"", ""phactiv"")",log_reg,death_by_event+event_ever,country+dn042_+phactiv,0.875465021948654,0.860257710724688,0.890961279785101,5.42349695556624e-50
long_w1,married_before18,event_ever,"c(""dn042_"", ""dn010_"", ""br002_"")",log_reg,event_ever,br002_+dn010_+dn042_,0.921506022034788,0.8667315603019,0.980405932547176,0.00930205377137483
long_w1,younger_than_55_w1,"c(""event_ever"", ""age_at_event"")","c(""dn042_"", ""dn010_"", ""br002_"")",log_reg,age_at_event+event_ever,br002_+dn010_+dn042_,0.943244132282251,0.883020421536866,1.00826272260368,0.0841203253932647
long_nostrict,married_before18,"c(""event_ever"", ""age_at_event"", ""death_by_event"")","c(""dn042_"", ""dn010_"", ""br002_"")",log_reg,age_at_event+death_by_event+event_ever,br002_+dn010_+dn042_,0.899085766064701,0.872127341464457,0.927002824315057,8.25916423882626e-12
long_nostrict,younger_than_55_w1,"c(""event_ever"", ""age_at_event"", ""death_by_event"")","c(""dn042_"", ""dn010_"", ""br002_"")",log_reg,age_at_event+death_by_event+event_ever,br002_+dn010_+dn042_,0.897789142621875,0.864726079775258,0.932255108861701,1.89638666821748e-08
cross,divorced_widowed,"c(""event_ever"", ""age_at_event"", ""since_last_int"")","c(""dn042_"", ""dn010_"", ""br002_"")",log_reg,age_at_event+event_ever+since_last_int,br002_+dn010_+dn042_,0.909190709234995,0.885864311488582,0.933225151862528,7.74772137172757e-13
long_w1,none,"c(""event_ever"", ""death_by_event"")","c(""dn042_"", ""dn010_"", ""br002_"")",log_reg,death_by_event+event_ever,br002_+dn010_+dn042_,0.907256539359023,0.855825160789278,0.962303237569082,0.00113708194347671
long_nostrict,born_after1954,"c(""event_ever"", ""death_by_event"")","c(""dn042_"", ""dn010_"", ""br002_"")",log_reg,death_by_event+event_ever,br002_+dn010_+dn042_,0.8942837468081,0.864800456950265,0.924906957751748,7.09681473575775e-11
long_w1,younger_than_55_w1,event_ever,"c(""dn042_"", ""dn010_"", ""phactiv"")",log_reg,event_ever,dn010_+dn042_+phactiv,0.925766784909825,0.885886117972059,0.967680929876245,0.000617102643554674
cross,born_after1954,event_ever,"c(""dn042_"", ""dn010_"", ""phactiv"")",log_reg,event_ever,dn010_+dn042_+phactiv,0.890082379218851,0.873365376150959,0.907154174253783,2.61122589797961e-33
cross,married_before18,"c(""event_ever"", ""age_at_event"")","c(""dn042_"", ""dn010_"", ""phactiv"")",log_reg,age_at_event+event_ever,dn010_+dn042_+phactiv,0.881095648186291,0.86566315472005,0.896838353852781,1.07125455574392e-44
long_nostrict,younger_than_55_w1,"c(""event_ever"", ""age_at_event"")","c(""dn042_"", ""dn010_"", ""phactiv"")",log_reg,age_at_event+event_ever,dn010_+dn042_+phactiv,0.893124624879609,0.871587373840277,0.91524488559547,1.23729645959127e-19
cross,none,"c(""event_ever"", ""age_at_event"", ""death_by_event"")","c(""dn042_"", ""dn010_"", ""phactiv"")",log_reg,age_at_event+death_by_event+event_ever,dn010_+dn042_+phactiv,0.861266889770963,0.846724840105048,0.876087319315317,4.09908097586241e-66
cross,born_after1954,"c(""event_ever"", ""age_at_event"", ""death_by_event"")","c(""dn042_"", ""dn010_"", ""phactiv"")",log_reg,age_at_event+death_by_event+event_ever,dn010_+dn042_+phactiv,0.867721025169148,0.851978300026413,0.883781627916948,5.04547835249318e-52
long_nostrict,country,"c(""event_ever"", ""since_last_int"", ""death_by_event"")","c(""dn042_"", ""dn010_"", ""phactiv"")",log_reg,death_by_event+event_ever+since_last_int,dn010_+dn042_+phactiv,0.861970016700134,0.844367345343189,0.879985634212912,4.22853027864176e-45
long_w1,younger_than_55_w1,"c(""event_ever"", ""since_last_int"", ""death_by_event"")","c(""dn042_"", ""dn010_"", ""phactiv"")",log_reg,death_by_event+event_ever+since_last_int,dn010_+dn042_+phactiv,0.880955268426535,0.845372190548731,0.918186011131699,1.81076257908867e-09
long_w1,country,"c(""event_ever"", ""death_by_event"")","c(""dn042_"", ""dn010_"", ""phactiv"")",log_reg,death_by_event+event_ever,dn010_+dn042_+phactiv,0.859184252719937,0.825033436038155,0.894922418937645,2.53161063670058e-13
cross,married_before18,"c(""event_ever"", ""age_at_event"", ""since_last_int"", ""death_by_event"")","c(""dn042_"", ""br002_"", ""phactiv"")",log_reg,age_at_event+death_by_event+event_ever+since_last_int,br002_+dn042_+phactiv,0.908259726424151,0.886722062018039,0.93038188663427,4.21572199357748e-15
cross,married_before18,"c(""event_ever"", ""age_at_event"", ""since_last_int"", ""death_by_event"")","c(""dn042_"", ""br002_"", ""phactiv"")",log_reg,age_at_event+death_by_event+event_ever+since_last_int,br002_+dn042_+phactiv,0.908259726424151,0.886722062018039,0.93038188663427,4.21572199357748e-15
cross,none,"c(""event_ever"", ""age_at_event"")","c(""dn042_"", ""br002_"", ""phactiv"")",log_reg,age_at_event+event_ever,br002_+dn042_+phactiv,0.925205096928648,0.902603662421785,0.948447338931199,7.68728555396013e-10
long_w1,none,"c(""event_ever"", ""age_at_event"", ""death_by_event"")","c(""dn042_"", ""br002_"", ""phactiv"")",log_reg,age_at_event+death_by_event+event_ever,br002_+dn042_+phactiv,0.908793752611507,0.864360882253017,0.955767102734455,0.000191605081814784
cross,younger_than_55_w1,"c(""event_ever"", ""age_at_event"", ""death_by_event"")","c(""dn042_"", ""br002_"", ""phactiv"")",log_reg,age_at_event+death_by_event+event_ever,br002_+dn042_+phactiv,0.92819626585613,0.9015637791619,0.955679293670202,5.41800518467782e-07
long_w1,none,"c(""event_ever"", ""since_last_int"", ""death_by_event"")","c(""dn042_"", ""br002_"", ""phactiv"")",log_reg,death_by_event+event_ever+since_last_int,br002_+dn042_+phactiv,0.906830797635068,0.862620363640528,0.953558108952833,0.000130502080170703
cross,country,"c(""event_ever"", ""since_last_int"", ""death_by_event"")","c(""dn042_"", ""br002_"", ""phactiv"")",log_reg,death_by_event+event_ever+since_last_int,br002_+dn042_+phactiv,0.910881193896096,0.888946198617298,0.933422883782779,6.62663165165546e-14
long_nostrict,none,"c(""event_ever"", ""age_at_event"", ""since_last_int"", ""death_by_event"")","c(""country"", ""dn010_"", ""br002_"")",log_reg,age_at_event+death_by_event+event_ever+since_last_int,br002_+country+dn010_,0.96697168178454,0.938183920377721,0.996796800652548,0.0298081654599428
cross,divorced_widowed,"c(""event_ever"", ""age_at_event"")","c(""country"", ""dn010_"", ""br002_"")",log_reg,age_at_event+event_ever,br002_+country+dn010_,0.976971464974044,0.952077075911444,1.00263088557986,0.0775124221605527
long_nostrict,country,"c(""event_ever"", ""age_at_event"")","c(""country"", ""dn010_"", ""br002_"")",log_reg,age_at_event+event_ever,br002_+country+dn010_,0.974670331913833,0.9443674932178,1.0061234383895,0.112337346418007
long_nostrict,country,"c(""event_ever"", ""age_at_event"")","c(""country"", ""dn010_"", ""br002_"")",log_reg,age_at_event+event_ever,br002_+country+dn010_,0.974670331913833,0.9443674932178,1.0061234383895,0.112337346418007
long_nostrict,born_after1954,"c(""event_ever"", ""age_at_event"")","c(""country"", ""dn010_"", ""br002_"")",log_reg,age_at_event+event_ever,br002_+country+dn010_,0.979616160748665,0.946852561908468,1.01371408902953,0.236716951032506
cross,none,"c(""event_ever"", ""age_at_event"", ""death_by_event"")","c(""country"", ""dn010_"", ""br002_"")",log_reg,age_at_event+death_by_event+event_ever,br002_+country+dn010_,0.966350944748303,0.942463349185789,0.990943008618681,0.00747254943740835
long_w1,married_before18,"c(""event_ever"", ""age_at_event"", ""death_by_event"")","c(""country"", ""dn010_"", ""br002_"")",log_reg,age_at_event+death_by_event+event_ever,br002_+country+dn010_,0.970249573552526,0.915969959403305,1.02837710281812,0.306326520888808
cross,born_after1954,"c(""event_ever"", ""age_at_event"", ""death_by_event"")","c(""country"", ""dn010_"", ""br002_"")",log_reg,age_at_event+death_by_event+event_ever,br002_+country+dn010_,0.971828087993011,0.945645137287007,0.998846908727377,0.0406900141382286
cross,none,"c(""event_ever"", ""age_at_event"", ""since_last_int"")","c(""country"", ""dn010_"", ""br002_"")",log_reg,age_at_event+event_ever+since_last_int,br002_+country+dn010_,0.976971464974044,0.952077075911444,1.00263088557986,0.0775124221605527
cross,younger_than_55_w1,"c(""event_ever"", ""age_at_event"", ""since_last_int"")","c(""country"", ""dn010_"", ""br002_"")",log_reg,age_at_event+event_ever+since_last_int,br002_+country+dn010_,0.998749604582045,0.968199496156156,1.03041069331897,0.93722249606558
cross,divorced_widowed,"c(""event_ever"", ""since_last_int"", ""death_by_event"")","c(""country"", ""dn010_"", ""br002_"")",log_reg,death_by_event+event_ever+since_last_int,br002_+country+dn010_,0.966350944748303,0.942463349185789,0.990943008618681,0.00747254943740835
long_w1,country,"c(""event_ever"", ""since_last_int"", ""death_by_event"")","c(""country"", ""dn010_"", ""br002_"")",log_reg,death_by_event+event_ever+since_last_int,br002_+country+dn010_,0.961573473847962,0.905657553462825,1.02161045386393,0.202234063774579
cross,none,event_ever,"c(""country"", ""dn010_"", ""phactiv"")",log_reg,event_ever,country+dn010_+phactiv,0.953163344925632,0.936547444704691,0.970119395096751,9.32390433995576e-08
cross,country,"c(""event_ever"", ""age_at_event"", ""since_last_int"")","c(""country"", ""dn010_"", ""phactiv"")",log_reg,age_at_event+event_ever+since_last_int,country+dn010_+phactiv,0.955353423340532,0.938420016805575,0.97263912281556,5.75406873524632e-07
cross,none,"c(""event_ever"", ""since_last_int"", ""death_by_event"")","c(""country"", ""dn010_"", ""phactiv"")",log_reg,death_by_event+event_ever+since_last_int,country+dn010_+phactiv,0.930147448516875,0.914497667808717,0.946102678021381,6.54245525536151e-17
cross,none,"c(""event_ever"", ""death_by_event"")","c(""country"", ""dn010_"", ""phactiv"")",log_reg,death_by_event+event_ever,country+dn010_+phactiv,0.930147448516875,0.914497667808717,0.946102678021381,6.54245525536151e-17
long_nostrict,married_before18,"c(""event_ever"", ""death_by_event"")","c(""country"", ""dn010_"", ""phactiv"")",log_reg,death_by_event+event_ever,country+dn010_+phactiv,0.932029022401952,0.913288375816387,0.9512116246747,1.18039694675908e-11
cross,married_before18,"c(""event_ever"", ""death_by_event"")","c(""country"", ""dn010_"", ""phactiv"")",log_reg,death_by_event+event_ever,country+dn010_+phactiv,0.931050123955747,0.915361861887493,0.947044758169715,1.8594850025947e-16
long_w1,divorced_widowed,"c(""event_ever"", ""death_by_event"")","c(""country"", ""dn010_"", ""phactiv"")",log_reg,death_by_event+event_ever,country+dn010_+phactiv,0.924508244198969,0.88956023683057,0.961042165916506,6.85650629875524e-05
long_nostrict,divorced_widowed,"c(""event_ever"", ""death_by_event"")","c(""country"", ""dn010_"", ""phactiv"")",log_reg,death_by_event+event_ever,country+dn010_+phactiv,0.931037899635966,0.912340029980885,0.950176539122332,5.44150208466417e-12
cross,younger_than_55_w1,"c(""event_ever"", ""death_by_event"")","c(""country"", ""dn010_"", ""phactiv"")",log_reg,death_by_event+event_ever,country+dn010_+phactiv,0.963473958012833,0.945034807906291,0.982313459136213,0.00016306272819959
long_nostrict,married_before18,"c(""event_ever"", ""age_at_event"", ""since_last_int"", ""death_by_event"")","c(""country"", ""br002_"", ""phactiv"")",log_reg,age_at_event+death_by_event+event_ever+since_last_int,br002_+country+phactiv,0.97449069702399,0.94795897526153,1.0018740682433,0.0670653928503847
long_w1,divorced_widowed,"c(""event_ever"", ""age_at_event"", ""since_last_int"", ""death_by_event"")","c(""country"", ""br002_"", ""phactiv"")",log_reg,age_at_event+death_by_event+event_ever+since_last_int,br002_+country+phactiv,0.981430725178156,0.934769448861168,1.03076038256911,0.452212565826514
cross,none,event_ever,"c(""country"", ""br002_"", ""phactiv"")",log_reg,event_ever,br002_+country+phactiv,1.00121509764017,0.977100926379867,1.0260200341184,0.92237318933604
long_nostrict,married_before18,"c(""event_ever"", ""age_at_event"")","c(""country"", ""br002_"", ""phactiv"")",log_reg,age_at_event+event_ever,br002_+country+phactiv,0.990583079983157,0.962764602184631,1.01933184846065,0.515921442845585
cross,none,"c(""event_ever"", ""age_at_event"", ""since_last_int"")","c(""country"", ""br002_"", ""phactiv"")",log_reg,age_at_event+event_ever+since_last_int,br002_+country+phactiv,0.9985866459209,0.974576906647834,1.02328224669917,0.909482136806424
cross,none,"c(""event_ever"", ""death_by_event"")","c(""country"", ""br002_"", ""phactiv"")",log_reg,death_by_event+event_ever,br002_+country+phactiv,0.986816909320867,0.963785471450107,1.01048140905718,0.271525555689584
cross,married_before18,"c(""event_ever"", ""death_by_event"")","c(""country"", ""br002_"", ""phactiv"")",log_reg,death_by_event+event_ever,br002_+country+phactiv,0.9867672363263,0.963714387740318,1.01045382306801,0.27018168143585
cross,divorced_widowed,"c(""event_ever"", ""death_by_event"")","c(""country"", ""br002_"", ""phactiv"")",log_reg,death_by_event+event_ever,br002_+country+phactiv,0.986816909320867,0.963785471450107,1.01048140905718,0.271525555689584
cross,divorced_widowed,"c(""event_ever"", ""age_at_event"", ""since_last_int"", ""death_by_event"")","c(""dn010_"", ""br002_"", ""phactiv"")",log_reg,age_at_event+death_by_event+event_ever+since_last_int,br002_+dn010_+phactiv,0.979185893146165,0.954906264592134,1.00418888666769,0.101308823875487
long_w1,born_after1954,event_ever,"c(""dn010_"", ""br002_"", ""phactiv"")",log_reg,event_ever,br002_+dn010_+phactiv,1.02668899043444,0.965740355223928,1.09235698212124,0.401896140276156
cross,divorced_widowed,"c(""event_ever"", ""age_at_event"")","c(""dn010_"", ""br002_"", ""phactiv"")",log_reg,age_at_event+event_ever,br002_+dn010_+phactiv,0.987365259863794,0.962123887840809,1.01338973149524,0.336964758822888
cross,country,"c(""event_ever"", ""age_at_event"")","c(""dn010_"", ""br002_"", ""phactiv"")",log_reg,age_at_event+event_ever,br002_+dn010_+phactiv,0.985832122330859,0.960233717855778,1.01223720139208,0.288872013156728
cross,married_before18,"c(""event_ever"", ""age_at_event"", ""death_by_event"")","c(""dn010_"", ""br002_"", ""phactiv"")",log_reg,age_at_event+death_by_event+event_ever,br002_+dn010_+phactiv,0.979099526221257,0.954793621679362,1.00412973719615,0.100282902653946
long_w1,born_after1954,"c(""event_ever"", ""age_at_event"", ""death_by_event"")","c(""dn010_"", ""br002_"", ""phactiv"")",log_reg,age_at_event+death_by_event+event_ever,br002_+dn010_+phactiv,1.01626125372458,0.95883592249066,1.07784420562386,0.588826284981943
cross,none,"c(""event_ever"", ""since_last_int"", ""death_by_event"")","c(""dn010_"", ""br002_"", ""phactiv"")",log_reg,death_by_event+event_ever+since_last_int,br002_+dn010_+phactiv,0.979185893146165,0.954906264592134,1.00418888666769,0.101308823875487
cross,born_after1954,"c(""event_ever"", ""since_last_int"", ""death_by_event"")","c(""dn010_"", ""br002_"", ""phactiv"")",log_reg,death_by_event+event_ever+since_last_int,br002_+dn010_+phactiv,0.988123319248333,0.961391910467888,1.01571880818633,0.394187249651653
long_nostrict,none,"c(""event_ever"", ""death_by_event"")","c(""dn010_"", ""br002_"", ""phactiv"")",log_reg,death_by_event+event_ever,br002_+dn010_+phactiv,0.970061104362293,0.941267333057242,0.999895951127229,0.0486048350169331
long_w1,divorced_widowed,"c(""event_ever"", ""death_by_event"")","c(""dn010_"", ""br002_"", ""phactiv"")",log_reg,death_by_event+event_ever,br002_+dn010_+phactiv,1.00219327770523,0.9458682976936,1.0625806963962,0.941149953675109
long_nostrict,younger_than_55_w1,"c(""event_ever"", ""death_by_event"")","c(""dn010_"", ""br002_"", ""phactiv"")",log_reg,death_by_event+event_ever,br002_+dn010_+phactiv,0.991917827000759,0.956308974288227,1.02906406264013,0.664387919772694
long_nostrict,younger_than_55_w1,"c(""event_ever"", ""age_at_event"", ""since_last_int"", ""death_by_event"")","c(""age_int"", ""dn042_"", ""country"", ""dn010_"")",log_reg,age_at_event+death_by_event+event_ever+since_last_int,age_int+country+dn010_+dn042_,0.971056267719036,0.947219349005749,0.995553022190147,0.0206940220298155
long_nostrict,none,event_ever,"c(""age_int"", ""dn042_"", ""country"", ""dn010_"")",log_reg,event_ever,age_int+country+dn010_+dn042_,0.978766248919915,0.957338555887372,1.00074315449051,0.0577695371965075
long_nostrict,younger_than_55_w1,event_ever,"c(""age_int"", ""dn042_"", ""country"", ""dn010_"")",log_reg,event_ever,age_int+country+dn010_+dn042_,0.986582281959839,0.961682343537659,1.01219809798677,0.300955428671503
long_w1,none,"c(""event_ever"", ""since_last_int"", ""death_by_event"")","c(""age_int"", ""dn042_"", ""country"", ""dn010_"")",log_reg,death_by_event+event_ever+since_last_int,age_int+country+dn010_+dn042_,1.00314089577952,0.961684518825107,1.04663970773579,0.884533803154474
long_nostrict,younger_than_55_w1,"c(""event_ever"", ""age_at_event"", ""since_last_int"", ""death_by_event"")","c(""age_int"", ""dn042_"", ""country"", ""br002_"")",log_reg,age_at_event+death_by_event+event_ever+since_last_int,age_int+br002_+country+dn042_,0.986164447263129,0.951848000597631,1.0218325731373,0.441416248880466
long_nostrict,younger_than_55_w1,event_ever,"c(""age_int"", ""dn042_"", ""country"", ""br002_"")",log_reg,event_ever,age_int+br002_+country+dn042_,0.999241574717926,0.963549710475339,1.03639405300743,0.967446074861197
long_nostrict,divorced_widowed,"c(""event_ever"", ""age_at_event"")","c(""age_int"", ""dn042_"", ""country"", ""br002_"")",log_reg,age_at_event+event_ever,age_int+br002_+country+dn042_,0.982334030941298,0.953212496687668,1.01246416380431,0.246596880411182
long_w1,country,"c(""event_ever"", ""since_last_int"", ""death_by_event"")","c(""age_int"", ""dn042_"", ""country"", ""br002_"")",log_reg,death_by_event+event_ever+since_last_int,age_int+br002_+country+dn042_,1.03247865218104,0.976318146203094,1.09229489903453,0.26428081284479
long_w1,married_before18,"c(""event_ever"", ""death_by_event"")","c(""age_int"", ""dn042_"", ""country"", ""br002_"")",log_reg,death_by_event+event_ever,age_int+br002_+country+dn042_,1.04461329291391,0.989678600899101,1.10299987186464,0.1144755949592
long_w1,younger_than_55_w1,"c(""event_ever"", ""death_by_event"")","c(""age_int"", ""dn042_"", ""country"", ""br002_"")",log_reg,death_by_event+event_ever,age_int+br002_+country+dn042_,1.0417365668326,0.983386435376392,1.10393103209741,0.165645114412108
cross,none,event_ever,"c(""age_int"", ""dn042_"", ""country"", ""phactiv"")",log_reg,event_ever,age_int+country+dn042_+phactiv,0.997226056415544,0.979515651657601,1.01529823192666,0.761519514197204
long_nostrict,none,"c(""event_ever"", ""age_at_event"")","c(""age_int"", ""dn042_"", ""country"", ""phactiv"")",log_reg,age_at_event+event_ever,age_int+country+dn042_+phactiv,0.995915787514373,0.975368329261245,1.01695265385759,0.700789670776364
cross,none,"c(""event_ever"", ""age_at_event"")","c(""age_int"", ""dn042_"", ""country"", ""phactiv"")",log_reg,age_at_event+event_ever,age_int+country+dn042_+phactiv,0.997234427031573,0.979523929768115,1.0153066919106,0.762217627627726
long_nostrict,country,"c(""event_ever"", ""age_at_event"")","c(""age_int"", ""dn042_"", ""country"", ""phactiv"")",log_reg,age_at_event+event_ever,age_int+country+dn042_+phactiv,0.995258116014883,0.974378203909923,1.01664374146161,0.660808899512381
cross,country,"c(""event_ever"", ""since_last_int"", ""death_by_event"")","c(""age_int"", ""dn042_"", ""country"", ""phactiv"")",log_reg,death_by_event+event_ever+since_last_int,age_int+country+dn042_+phactiv,0.9774744847678,0.960357530190094,0.994932952701797,0.0115692039322342
cross,younger_than_55_w1,"c(""event_ever"", ""since_last_int"", ""death_by_event"")","c(""age_int"", ""dn042_"", ""country"", ""phactiv"")",log_reg,death_by_event+event_ever+since_last_int,age_int+country+dn042_+phactiv,0.984668332553212,0.965286304396859,1.00447198734516,0.128001187276776
long_w1,none,"c(""event_ever"", ""death_by_event"")","c(""age_int"", ""dn042_"", ""country"", ""phactiv"")",log_reg,death_by_event+event_ever,age_int+country+dn042_+phactiv,1.03809855545379,0.998747870749784,1.07919596012291,0.0584823881728955
long_nostrict,younger_than_55_w1,"c(""event_ever"", ""age_at_event"", ""since_last_int"", ""death_by_event"")","c(""age_int"", ""dn042_"", ""dn010_"", ""br002_"")",log_reg,age_at_event+death_by_event+event_ever+since_last_int,age_int+br002_+dn010_+dn042_,0.961699581608158,0.925169777765925,0.999847324984783,0.0485808075082021
long_w1,none,"c(""event_ever"", ""age_at_event"")","c(""age_int"", ""dn042_"", ""dn010_"", ""br002_"")",log_reg,age_at_event+event_ever,age_int+br002_+dn010_+dn042_,1.02677021611896,0.962793396100128,1.09583959126936,0.423585038135477
cross,married_before18,"c(""event_ever"", ""age_at_event"")","c(""age_int"", ""dn042_"", ""dn010_"", ""br002_"")",log_reg,age_at_event+event_ever,age_int+br002_+dn010_+dn042_,0.963067103502694,0.937342467253214,0.989605045905953,0.00654840232482287
long_w1,younger_than_55_w1,"c(""event_ever"", ""age_at_event"", ""since_last_int"")","c(""age_int"", ""dn042_"", ""dn010_"", ""br002_"")",log_reg,age_at_event+event_ever+since_last_int,age_int+br002_+dn010_+dn042_,1.03656261858018,0.967656582111017,1.11125072649944,0.308880000668178
long_w1,country,"c(""event_ever"", ""since_last_int"", ""death_by_event"")","c(""age_int"", ""dn042_"", ""dn010_"", ""br002_"")",log_reg,death_by_event+event_ever+since_last_int,age_int+br002_+dn010_+dn042_,1.01510655597991,0.951907028458174,1.08325191870403,0.649256216755806
long_nostrict,divorced_widowed,"c(""event_ever"", ""death_by_event"")","c(""age_int"", ""dn042_"", ""dn010_"", ""br002_"")",log_reg,death_by_event+event_ever,age_int+br002_+dn010_+dn042_,0.947487733139086,0.918047632233995,0.978014242257731,0.000832015205429599
cross,divorced_widowed,event_ever,"c(""age_int"", ""dn042_"", ""dn010_"", ""phactiv"")",log_reg,event_ever,age_int+dn010_+dn042_+phactiv,0.973660002686782,0.955717657646184,0.99198850147124,0.0049650528995066
long_nostrict,younger_than_55_w1,event_ever,"c(""age_int"", ""dn042_"", ""dn010_"", ""phactiv"")",log_reg,event_ever,age_int+dn010_+dn042_+phactiv,0.969636850568114,0.945325704858159,0.994645331040975,0.0174661922412334
long_w1,born_after1954,event_ever,"c(""age_int"", ""dn042_"", ""dn010_"", ""phactiv"")",log_reg,event_ever,age_int+dn010_+dn042_+phactiv,1.05036604791193,1.00452993548684,1.09865645326426,0.0314975259399826
cross,none,"c(""event_ever"", ""age_at_event"")","c(""age_int"", ""dn042_"", ""dn010_"", ""phactiv"")",log_reg,age_at_event+event_ever,age_int+dn010_+dn042_+phactiv,0.973662757413346,0.955720474232709,0.991991184154028,0.00496936477657712
long_nostrict,country,"c(""event_ever"", ""age_at_event"")","c(""age_int"", ""dn042_"", ""dn010_"", ""phactiv"")",log_reg,age_at_event+event_ever,age_int+dn010_+dn042_+phactiv,0.963093206243756,0.94181885705654,0.984921210833731,0.000986679494711449
cross,younger_than_55_w1,"c(""event_ever"", ""age_at_event"")","c(""age_int"", ""dn042_"", ""dn010_"", ""phactiv"")",log_reg,age_at_event+event_ever,age_int+dn010_+dn042_+phactiv,0.978450615724132,0.957773893158275,0.999621607466848,0.0458295111867063
cross,born_after1954,"c(""event_ever"", ""age_at_event"", ""since_last_int"")","c(""age_int"", ""dn042_"", ""dn010_"", ""phactiv"")",log_reg,age_at_event+event_ever+since_last_int,age_int+dn010_+dn042_+phactiv,0.980610329438465,0.961304656929468,1.00035410309284,0.0538921810772871
cross,country,"c(""event_ever"", ""age_at_event"", ""since_last_int"", ""death_by_event"")","c(""age_int"", ""dn042_"", ""br002_"", ""phactiv"")",log_reg,age_at_event+death_by_event+event_ever+since_last_int,age_int+br002_+dn042_+phactiv,0.982675592533139,0.957994697990502,1.00807761618393,0.178807292510945
long_w1,divorced_widowed,event_ever,"c(""age_int"", ""dn042_"", ""br002_"", ""phactiv"")",log_reg,event_ever,age_int+br002_+dn042_+phactiv,1.06638722026242,1.00800173146122,1.12868685317243,0.0258574117039786
cross,divorced_widowed,event_ever,"c(""age_int"", ""dn042_"", ""br002_"", ""phactiv"")",log_reg,event_ever,age_int+br002_+dn042_+phactiv,0.99660845171544,0.971294491320658,1.02267794170729,0.796138635866851
cross,younger_than_55_w1,"c(""event_ever"", ""age_at_event"")","c(""age_int"", ""dn042_"", ""br002_"", ""phactiv"")",log_reg,age_at_event+event_ever,age_int+br002_+dn042_+phactiv,1.01402721720323,0.983064760966086,1.04607606147193,0.379424007798583
long_w1,married_before18,"c(""event_ever"", ""age_at_event"", ""since_last_int"")","c(""age_int"", ""dn042_"", ""br002_"", ""phactiv"")",log_reg,age_at_event+event_ever+since_last_int,age_int+br002_+dn042_+phactiv,1.06615845340192,1.00790677064037,1.12830120267397,0.0260290544615027
cross,country,"c(""event_ever"", ""since_last_int"", ""death_by_event"")","c(""age_int"", ""dn042_"", ""br002_"", ""phactiv"")",log_reg,death_by_event+event_ever+since_last_int,age_int+br002_+dn042_+phactiv,0.982675592533139,0.957994697990502,1.00807761618393,0.178807292510945
cross,country,"c(""event_ever"", ""death_by_event"")","c(""age_int"", ""dn042_"", ""br002_"", ""phactiv"")",log_reg,death_by_event+event_ever,age_int+br002_+dn042_+phactiv,0.984353628610325,0.959604693838719,1.0098270017758,0.225568395971166
cross,born_after1954,"c(""event_ever"", ""death_by_event"")","c(""age_int"", ""dn042_"", ""br002_"", ""phactiv"")",log_reg,death_by_event+event_ever,age_int+br002_+dn042_+phactiv,0.998510934591654,0.971613760511482,1.02624384930054,0.914956351680556
cross,none,event_ever,"c(""age_int"", ""country"", ""dn010_"", ""br002_"")",log_reg,event_ever,age_int+br002_+country+dn010_,1.0358950802847,1.0085527514354,1.0641081494883,0.00993013703700752
long_nostrict,born_after1954,event_ever,"c(""age_int"", ""country"", ""dn010_"", ""br002_"")",log_reg,event_ever,age_int+br002_+country+dn010_,1.03741249209944,1.00177194810076,1.07454821528715,0.0400586219233241
cross,none,"c(""event_ever"", ""age_at_event"", ""death_by_event"")","c(""age_int"", ""country"", ""dn010_"", ""br002_"")",log_reg,age_at_event+death_by_event+event_ever,age_int+br002_+country+dn010_,1.02746284275969,1.00101132283238,1.0547276039969,0.0421735137516472
cross,married_before18,"c(""event_ever"", ""since_last_int"", ""death_by_event"")","c(""age_int"", ""country"", ""dn010_"", ""br002_"")",log_reg,death_by_event+event_ever+since_last_int,age_int+br002_+country+dn010_,1.02647581898688,1.00002568293775,1.05373913038519,0.0502362887269956
long_w1,younger_than_55_w1,event_ever,"c(""age_int"", ""country"", ""dn010_"", ""phactiv"")",log_reg,event_ever,age_int+country+dn010_+phactiv,1.13736397565467,1.08659717257727,1.19093855777108,3.7298207403009e-08
long_nostrict,divorced_widowed,"c(""event_ever"", ""age_at_event"", ""death_by_event"")","c(""age_int"", ""country"", ""dn010_"", ""phactiv"")",log_reg,age_at_event+death_by_event+event_ever,age_int+country+dn010_+phactiv,1.03754761977561,1.01566791165889,1.05997647120963,0.000714632816159785
long_nostrict,born_after1954,"c(""event_ever"", ""age_at_event"", ""death_by_event"")","c(""age_int"", ""country"", ""dn010_"", ""phactiv"")",log_reg,age_at_event+death_by_event+event_ever,age_int+country+dn010_+phactiv,1.0508802341707,1.02736547013769,1.07501768755867,1.77878742984355e-05
cross,born_after1954,"c(""event_ever"", ""since_last_int"", ""death_by_event"")","c(""age_int"", ""country"", ""dn010_"", ""phactiv"")",log_reg,death_by_event+event_ever+since_last_int,age_int+country+dn010_+phactiv,1.05642068887361,1.03657030838814,1.07670810004098,1.48271861200121e-08
long_w1,none,event_ever,"c(""age_int"", ""country"", ""br002_"", ""phactiv"")",log_reg,event_ever,age_int+br002_+country+phactiv,1.16017898973726,1.09849061797448,1.22596278215373,1.12432550284509e-07
cross,country,event_ever,"c(""age_int"", ""country"", ""br002_"", ""phactiv"")",log_reg,event_ever,age_int+br002_+country+phactiv,1.07670651878729,1.04937595930461,1.10487008589003,1.88543813728264e-08
cross,younger_than_55_w1,"c(""event_ever"", ""age_at_event"", ""death_by_event"")","c(""age_int"", ""country"", ""br002_"", ""phactiv"")",log_reg,age_at_event+death_by_event+event_ever,age_int+br002_+country+phactiv,1.10846687599224,1.07677103783272,1.14123039259778,3.83308374832709e-12
long_w1,born_after1954,"c(""event_ever"", ""age_at_event"", ""death_by_event"")","c(""age_int"", ""country"", ""br002_"", ""phactiv"")",log_reg,age_at_event+death_by_event+event_ever,age_int+br002_+country+phactiv,1.17173259559163,1.11153384123745,1.23576830150006,4.5148630635045e-09
cross,married_before18,"c(""event_ever"", ""since_last_int"", ""death_by_event"")","c(""age_int"", ""country"", ""br002_"", ""phactiv"")",log_reg,death_by_event+event_ever+since_last_int,age_int+br002_+country+phactiv,1.06908389834843,1.04309794530297,1.09582090112615,1.09055040005544e-07
long_nostrict,country,"c(""event_ever"", ""since_last_int"", ""death_by_event"")","c(""age_int"", ""country"", ""br002_"", ""phactiv"")",log_reg,death_by_event+event_ever+since_last_int,age_int+br002_+country+phactiv,1.05837863857174,1.02785441300665,1.08995502536988,0.00014974320835792
cross,none,"c(""event_ever"", ""death_by_event"")","c(""age_int"", ""country"", ""br002_"", ""phactiv"")",log_reg,death_by_event+event_ever,age_int+br002_+country+phactiv,1.07186176113065,1.04580247556034,1.09867557639989,3.47018482701955e-08
long_w1,country,"c(""event_ever"", ""age_at_event"", ""since_last_int"", ""death_by_event"")","c(""age_int"", ""dn010_"", ""br002_"", ""phactiv"")",log_reg,age_at_event+death_by_event+event_ever+since_last_int,age_int+br002_+dn010_+phactiv,1.09960711523138,1.03217301977312,1.17239317299882,0.00347166786944166
long_w1,married_before18,"c(""event_ever"", ""age_at_event"", ""death_by_event"")","c(""age_int"", ""dn010_"", ""br002_"", ""phactiv"")",log_reg,age_at_event+death_by_event+event_ever,age_int+br002_+dn010_+phactiv,1.12356605652231,1.0569900706058,1.19525461672393,0.0002026768568473
long_nostrict,country,"c(""event_ever"", ""age_at_event"", ""death_by_event"")","c(""age_int"", ""dn010_"", ""br002_"", ""phactiv"")",log_reg,age_at_event+death_by_event+event_ever,age_int+br002_+dn010_+phactiv,1.0095287733166,0.97815081590729,1.04209408426926,0.557131636000649
long_nostrict,country,"c(""event_ever"", ""age_at_event"", ""since_last_int"")","c(""age_int"", ""dn010_"", ""br002_"", ""phactiv"")",log_reg,age_at_event+event_ever+since_last_int,age_int+br002_+dn010_+phactiv,1.01188386333168,0.979703014980783,1.04532125172539,0.474997291015619
long_w1,married_before18,"c(""event_ever"", ""since_last_int"", ""death_by_event"")","c(""age_int"", ""dn010_"", ""br002_"", ""phactiv"")",log_reg,death_by_event+event_ever+since_last_int,age_int+br002_+dn010_+phactiv,1.12356605652231,1.0569900706058,1.19525461672393,0.0002026768568473
long_w1,none,"c(""event_ever"", ""age_at_event"", ""since_last_int"", ""death_by_event"")","c(""dn042_"", ""country"", ""dn010_"", ""br002_"")",log_reg,age_at_event+death_by_event+event_ever+since_last_int,br002_+country+dn010_+dn042_,0.903035516740309,0.85124155174818,0.95848623934852,0.000751656539561989
cross,married_before18,"c(""event_ever"", ""age_at_event"", ""since_last_int"", ""death_by_event"")","c(""dn042_"", ""country"", ""dn010_"", ""br002_"")",log_reg,age_at_event+death_by_event+event_ever+since_last_int,br002_+country+dn010_+dn042_,0.907841003802905,0.88487506642043,0.931482030908057,1.53657337015815e-13
long_nostrict,married_before18,"c(""event_ever"", ""age_at_event"")","c(""dn042_"", ""country"", ""dn010_"", ""br002_"")",log_reg,age_at_event+event_ever,br002_+country+dn010_+dn042_,0.919433335001142,0.890694877871555,0.949242753737003,2.31096542348909e-07
long_w1,married_before18,"c(""event_ever"", ""age_at_event"", ""since_last_int"")","c(""dn042_"", ""country"", ""dn010_"", ""br002_"")",log_reg,age_at_event+event_ever+since_last_int,br002_+country+dn010_+dn042_,0.923318120366319,0.867818507556693,0.983017232894575,0.0120870549862758
long_nostrict,country,"c(""event_ever"", ""age_at_event"", ""since_last_int"")","c(""dn042_"", ""country"", ""dn010_"", ""br002_"")",log_reg,age_at_event+event_ever+since_last_int,br002_+country+dn010_+dn042_,0.921703374436859,0.892491572546332,0.952021078077663,7.42090351364045e-07
cross,country,"c(""event_ever"", ""age_at_event"", ""since_last_int"")","c(""dn042_"", ""country"", ""dn010_"", ""br002_"")",log_reg,age_at_event+event_ever+since_last_int,br002_+country+dn010_+dn042_,0.924736509679123,0.900336214561521,0.9498967624406,1.03839503907499e-08
cross,none,"c(""event_ever"", ""since_last_int"", ""death_by_event"")","c(""dn042_"", ""country"", ""dn010_"", ""br002_"")",log_reg,death_by_event+event_ever+since_last_int,br002_+country+dn010_+dn042_,0.909120052307754,0.886154288512564,0.932760881195223,3.17540643743647e-13
cross,country,"c(""event_ever"", ""since_last_int"", ""death_by_event"")","c(""dn042_"", ""country"", ""dn010_"", ""br002_"")",log_reg,death_by_event+event_ever+since_last_int,br002_+country+dn010_+dn042_,0.911076110817331,0.88773067985897,0.935118534700498,2.2177834495522e-12
long_nostrict,country,"c(""event_ever"", ""death_by_event"")","c(""dn042_"", ""country"", ""dn010_"", ""br002_"")",log_reg,death_by_event+event_ever,br002_+country+dn010_+dn042_,0.910494622025866,0.882394067626293,0.939620059704645,4.92047000588137e-09
long_nostrict,married_before18,"c(""event_ever"", ""age_at_event"", ""since_last_int"", ""death_by_event"")","c(""dn042_"", ""country"", ""dn010_"", ""phactiv"")",log_reg,age_at_event+death_by_event+event_ever+since_last_int,country+dn010_+dn042_+phactiv,0.882926002658089,0.864798675276106,0.90148002120899,7.03540605779934e-32
cross,married_before18,"c(""event_ever"", ""age_at_event"", ""since_last_int"", ""death_by_event"")","c(""dn042_"", ""country"", ""dn010_"", ""phactiv"")",log_reg,age_at_event+death_by_event+event_ever+since_last_int,country+dn010_+dn042_+phactiv,0.878559260998101,0.863421494456244,0.893991982213971,3.36697316432819e-48
long_nostrict,younger_than_55_w1,"c(""event_ever"", ""age_at_event"", ""since_last_int"", ""death_by_event"")","c(""dn042_"", ""country"", ""dn010_"", ""phactiv"")",log_reg,age_at_event+death_by_event+event_ever+since_last_int,country+dn010_+dn042_+phactiv,0.895702107705775,0.874354639548645,0.917613618438138,3.83349612854877e-19
cross,born_after1954,"c(""event_ever"", ""age_at_event"", ""since_last_int"", ""death_by_event"")","c(""dn042_"", ""country"", ""dn010_"", ""phactiv"")",log_reg,age_at_event+death_by_event+event_ever+since_last_int,country+dn010_+dn042_+phactiv,0.884816919797066,0.868484519056591,0.901484975436745,7.22409000903204e-38
long_nostrict,younger_than_55_w1,event_ever,"c(""dn042_"", ""country"", ""dn010_"", ""phactiv"")",log_reg,event_ever,country+dn010_+dn042_+phactiv,0.919968600712034,0.897331855781396,0.943232036237306,5.56567437567539e-11
cross,divorced_widowed,"c(""event_ever"", ""age_at_event"")","c(""dn042_"", ""country"", ""dn010_"", ""phactiv"")",log_reg,age_at_event+event_ever,country+dn010_+dn042_+phactiv,0.902280025357048,0.886228572540164,0.918659386558733,3.39235749014567e-29
long_w1,country,"c(""event_ever"", ""death_by_event"")","c(""dn042_"", ""country"", ""dn010_"", ""phactiv"")",log_reg,death_by_event+event_ever,country+dn010_+dn042_+phactiv,0.868622652162797,0.833668068399695,0.905218532317394,2.00437184739157e-11
long_w1,born_after1954,event_ever,"c(""dn042_"", ""country"", ""br002_"", ""phactiv"")",log_reg,event_ever,br002_+country+dn042_+phactiv,0.937645287722535,0.888890830750905,0.989389039796782,0.0184471971997437
long_w1,country,"c(""event_ever"", ""age_at_event"")","c(""dn042_"", ""country"", ""br002_"", ""phactiv"")",log_reg,age_at_event+event_ever,br002_+country+dn042_+phactiv,0.923419560876085,0.873798524724091,0.976207235168491,0.00482574014790935
cross,younger_than_55_w1,"c(""event_ever"", ""age_at_event"")","c(""dn042_"", ""country"", ""br002_"", ""phactiv"")",log_reg,age_at_event+event_ever,br002_+country+dn042_+phactiv,0.955325683026885,0.926812704210161,0.984799869486001,0.00315488449030734
long_w1,divorced_widowed,"c(""event_ever"", ""age_at_event"", ""since_last_int"")","c(""dn042_"", ""country"", ""br002_"", ""phactiv"")",log_reg,age_at_event+event_ever+since_last_int,br002_+country+dn042_+phactiv,0.922117842921946,0.874784818925968,0.972318239933482,0.0026363625879503
long_nostrict,country,"c(""event_ever"", ""death_by_event"")","c(""dn042_"", ""country"", ""br002_"", ""phactiv"")",log_reg,death_by_event+event_ever,br002_+country+dn042_+phactiv,0.908852618453345,0.882890543926388,0.935666686895602,1.09492032702793e-10
long_w1,none,"c(""event_ever"", ""age_at_event"", ""since_last_int"", ""death_by_event"")","c(""dn042_"", ""dn010_"", ""br002_"", ""phactiv"")",log_reg,age_at_event+death_by_event+event_ever+since_last_int,br002_+dn010_+dn042_+phactiv,0.931947298067399,0.878216731735263,0.989537181312541,0.0205925864857711
long_nostrict,none,event_ever,"c(""dn042_"", ""dn010_"", ""br002_"", ""phactiv"")",log_reg,event_ever,br002_+dn010_+dn042_+phactiv,0.918791764769656,0.890176731543503,0.948475586237156,1.6585340682223e-07
long_nostrict,younger_than_55_w1,event_ever,"c(""dn042_"", ""dn010_"", ""br002_"", ""phactiv"")",log_reg,event_ever,br002_+dn010_+dn042_+phactiv,0.921559769002013,0.886194475498568,0.958515270977208,4.46295617787472e-05
long_nostrict,born_after1954,event_ever,"c(""dn042_"", ""dn010_"", ""br002_"", ""phactiv"")",log_reg,event_ever,br002_+dn010_+dn042_+phactiv,0.915170923877853,0.883749305971699,0.947874017483068,7.01335182106578e-07
long_w1,married_before18,"c(""event_ever"", ""age_at_event"")","c(""dn042_"", ""dn010_"", ""br002_"", ""phactiv"")",log_reg,age_at_event+event_ever,br002_+dn010_+dn042_+phactiv,0.948004444847243,0.890693416979511,1.00972061356102,0.0950948464212387
cross,married_before18,"c(""event_ever"", ""age_at_event"")","c(""dn042_"", ""dn010_"", ""br002_"", ""phactiv"")",log_reg,age_at_event+event_ever,br002_+dn010_+dn042_+phactiv,0.928470811349543,0.904194787151998,0.953497697015618,4.25554217203098e-08
long_nostrict,born_after1954,"c(""event_ever"", ""age_at_event"", ""since_last_int"")","c(""dn042_"", ""dn010_"", ""br002_"", ""phactiv"")",log_reg,age_at_event+event_ever+since_last_int,br002_+dn010_+dn042_+phactiv,0.915170923877853,0.883749305971699,0.947874017483068,7.01335182106578e-07
long_w1,born_after1954,"c(""event_ever"", ""death_by_event"")","c(""dn042_"", ""dn010_"", ""br002_"", ""phactiv"")",log_reg,death_by_event+event_ever,br002_+dn010_+dn042_+phactiv,0.943253538919555,0.888458517857509,1.0020024665347,0.0568489633945465
long_w1,divorced_widowed,"c(""event_ever"", ""age_at_event"", ""since_last_int"", ""death_by_event"")","c(""country"", ""dn010_"", ""br002_"", ""phactiv"")",log_reg,age_at_event+death_by_event+event_ever+since_last_int,br002_+country+dn010_+phactiv,0.998933229624545,0.94212414804115,1.05985851798909,0.971651164843729
long_nostrict,divorced_widowed,event_ever,"c(""country"", ""dn010_"", ""br002_"", ""phactiv"")",log_reg,event_ever,br002_+country+dn010_+phactiv,0.99158031754027,0.960855215548266,1.02346868897558,0.599540303317654
cross,divorced_widowed,"c(""event_ever"", ""age_at_event"", ""since_last_int"")","c(""country"", ""dn010_"", ""br002_"", ""phactiv"")",log_reg,age_at_event+event_ever+since_last_int,br002_+country+dn010_+phactiv,1.00260962420116,0.976618516348184,1.02941523782988,0.846135834518974
long_w1,none,"c(""event_ever"", ""since_last_int"", ""death_by_event"")","c(""country"", ""dn010_"", ""br002_"", ""phactiv"")",log_reg,death_by_event+event_ever+since_last_int,br002_+country+dn010_+phactiv,0.998933229624545,0.94212414804115,1.05985851798909,0.971651164843729
long_nostrict,divorced_widowed,"c(""event_ever"", ""death_by_event"")","c(""country"", ""dn010_"", ""br002_"", ""phactiv"")",log_reg,death_by_event+event_ever,br002_+country+dn010_+phactiv,0.983095993224847,0.953446697110817,1.0138286204718,0.276423521865227
cross,country,"c(""event_ever"", ""death_by_event"")","c(""country"", ""dn010_"", ""br002_"", ""phactiv"")",log_reg,death_by_event+event_ever,br002_+country+dn010_+phactiv,0.990726466992919,0.965431555408594,1.0167944364763,0.481058164405391
long_nostrict,born_after1954,"c(""event_ever"", ""death_by_event"")","c(""country"", ""dn010_"", ""br002_"", ""phactiv"")",log_reg,death_by_event+event_ever,br002_+country+dn010_+phactiv,0.988583565841109,0.956004579367625,1.02245862855548,0.502988515407532
long_w1,married_before18,"c(""event_ever"", ""age_at_event"", ""since_last_int"", ""death_by_event"")","c(""age_int"", ""dn042_"", ""country"", ""dn010_"", ""br002_"")",log_reg,age_at_event+death_by_event+event_ever+since_last_int,age_int+br002_+country+dn010_+dn042_,1.02344259035506,0.961222887311781,1.09038289902708,0.471171619021471
long_w1,divorced_widowed,"c(""event_ever"", ""age_at_event"", ""since_last_int"", ""death_by_event"")","c(""age_int"", ""dn042_"", ""country"", ""dn010_"", ""br002_"")",log_reg,age_at_event+death_by_event+event_ever+since_last_int,age_int+br002_+country+dn010_+dn042_,1.02225551397857,0.960144645946652,1.08907725182742,0.493409474433253
cross,divorced_widowed,"c(""event_ever"", ""age_at_event"", ""since_last_int"", ""death_by_event"")","c(""age_int"", ""dn042_"", ""country"", ""dn010_"", ""br002_"")",log_reg,age_at_event+death_by_event+event_ever+since_last_int,age_int+br002_+country+dn010_+dn042_,0.968029403282991,0.942534105507594,0.994308948341915,0.017222013379857
cross,married_before18,event_ever,"c(""age_int"", ""dn042_"", ""country"", ""dn010_"", ""br002_"")",log_reg,event_ever,age_int+br002_+country+dn010_+dn042_,0.976471623416664,0.95008466254348,1.00369983750959,0.0890895086987702
long_w1,country,"c(""event_ever"", ""since_last_int"", ""death_by_event"")","c(""age_int"", ""dn042_"", ""country"", ""dn010_"", ""br002_"")",log_reg,death_by_event+event_ever+since_last_int,age_int+br002_+country+dn010_+dn042_,1.01415135587145,0.950423326044087,1.08289285007906,0.672859310572889
long_nostrict,born_after1954,"c(""event_ever"", ""since_last_int"", ""death_by_event"")","c(""age_int"", ""dn042_"", ""country"", ""dn010_"", ""br002_"")",log_reg,death_by_event+event_ever+since_last_int,age_int+br002_+country+dn010_+dn042_,0.966248244484299,0.932808127818561,1.0010495578409,0.0566039529358494
long_nostrict,divorced_widowed,"c(""event_ever"", ""age_at_event"", ""since_last_int"", ""death_by_event"")","c(""age_int"", ""dn042_"", ""country"", ""dn010_"", ""phactiv"")",log_reg,age_at_event+death_by_event+event_ever+since_last_int,age_int+country+dn010_+dn042_+phactiv,0.972352882700614,0.951382548868663,0.993850007000736,0.0118451992013577
long_w1,country,event_ever,"c(""age_int"", ""dn042_"", ""country"", ""dn010_"", ""phactiv"")",log_reg,event_ever,age_int+country+dn010_+dn042_+phactiv,1.05201239222307,1.00397566628635,1.1027385082797,0.0341310818360566
long_nostrict,country,"c(""event_ever"", ""age_at_event"", ""death_by_event"")","c(""age_int"", ""dn042_"", ""country"", ""dn010_"", ""phactiv"")",log_reg,age_at_event+death_by_event+event_ever,age_int+country+dn010_+dn042_+phactiv,0.972242591916856,0.950959691165191,0.994068133491635,0.012808141169967
long_nostrict,born_after1954,"c(""event_ever"", ""age_at_event"", ""since_last_int"")","c(""age_int"", ""dn042_"", ""country"", ""dn010_"", ""phactiv"")",log_reg,age_at_event+event_ever+since_last_int,age_int+country+dn010_+dn042_+phactiv,0.997052437540957,0.973425566539813,1.02133086618625,0.809647063297267
cross,divorced_widowed,"c(""event_ever"", ""since_last_int"", ""death_by_event"")","c(""age_int"", ""dn042_"", ""country"", ""dn010_"", ""phactiv"")",log_reg,death_by_event+event_ever+since_last_int,age_int+country+dn010_+dn042_+phactiv,0.974411714472923,0.95670714295753,0.992487270561455,0.00564698635457879
long_w1,married_before18,event_ever,"c(""age_int"", ""dn042_"", ""country"", ""br002_"", ""phactiv"")",log_reg,event_ever,age_int+br002_+country+dn042_+phactiv,1.06766305025585,1.00881250959802,1.1304672478037,0.0241706048650882
cross,country,"c(""event_ever"", ""age_at_event"")","c(""age_int"", ""dn042_"", ""country"", ""br002_"", ""phactiv"")",log_reg,age_at_event+event_ever,age_int+br002_+country+dn042_+phactiv,1.00610251869652,0.979869866762088,1.03313722691405,0.652316467250076
long_nostrict,none,"c(""event_ever"", ""age_at_event"", ""since_last_int"")","c(""age_int"", ""dn042_"", ""country"", ""br002_"", ""phactiv"")",log_reg,age_at_event+event_ever+since_last_int,age_int+br002_+country+dn042_+phactiv,0.994843343775081,0.965113945287653,1.02561510904448,0.738883492650134
cross,none,"c(""event_ever"", ""age_at_event"", ""since_last_int"", ""death_by_event"")","c(""age_int"", ""dn042_"", ""dn010_"", ""br002_"", ""phactiv"")",log_reg,age_at_event+death_by_event+event_ever+since_last_int,age_int+br002_+dn010_+dn042_+phactiv,0.969198611475531,0.943727052293521,0.995457921297709,0.021551832767552
long_nostrict,country,"c(""event_ever"", ""age_at_event"", ""since_last_int"", ""death_by_event"")","c(""age_int"", ""dn042_"", ""dn010_"", ""br002_"", ""phactiv"")",log_reg,age_at_event+death_by_event+event_ever+since_last_int,age_int+br002_+dn010_+dn042_+phactiv,0.951788962423822,0.921545016401034,0.98317648155389,0.00276994840909497
long_nostrict,married_before18,event_ever,"c(""age_int"", ""dn042_"", ""dn010_"", ""br002_"", ""phactiv"")",log_reg,event_ever,age_int+br002_+dn010_+dn042_+phactiv,0.959522113215043,0.928753117464762,0.991475869717105,0.0131885803228204
long_w1,country,event_ever,"c(""age_int"", ""dn042_"", ""dn010_"", ""br002_"", ""phactiv"")",log_reg,event_ever,age_int+br002_+dn010_+dn042_+phactiv,1.03462052071811,0.96694484098752,1.10799961972158,0.327099058157052
cross,country,event_ever,"c(""age_int"", ""dn042_"", ""dn010_"", ""br002_"", ""phactiv"")",log_reg,event_ever,age_int+br002_+dn010_+dn042_+phactiv,0.976329109674378,0.949649986005199,1.00387604901345,0.0908097248360005
long_nostrict,younger_than_55_w1,event_ever,"c(""age_int"", ""dn042_"", ""dn010_"", ""br002_"", ""phactiv"")",log_reg,event_ever,age_int+br002_+dn010_+dn042_+phactiv,0.972095817572358,0.933904443698288,1.01206202213098,0.167453087168554
cross,married_before18,"c(""event_ever"", ""age_at_event"", ""death_by_event"")","c(""age_int"", ""dn042_"", ""dn010_"", ""br002_"", ""phactiv"")",log_reg,age_at_event+death_by_event+event_ever,age_int+br002_+dn010_+dn042_+phactiv,0.967189969038053,0.941726484431185,0.993441122116813,0.0144346425214283
long_w1,born_after1954,"c(""event_ever"", ""age_at_event"", ""death_by_event"")","c(""age_int"", ""dn042_"", ""dn010_"", ""br002_"", ""phactiv"")",log_reg,age_at_event+death_by_event+event_ever,age_int+br002_+dn010_+dn042_+phactiv,1.04695004429534,0.982934798777665,1.11589744884201,0.156237589609033
long_w1,country,"c(""event_ever"", ""age_at_event"", ""since_last_int"")","c(""age_int"", ""dn042_"", ""dn010_"", ""br002_"", ""phactiv"")",log_reg,age_at_event+event_ever+since_last_int,age_int+br002_+dn010_+dn042_+phactiv,1.03462052071811,0.96694484098752,1.10799961972158,0.327099058157052
cross,born_after1954,"c(""event_ever"", ""age_at_event"", ""since_last_int"")","c(""age_int"", ""dn042_"", ""dn010_"", ""br002_"", ""phactiv"")",log_reg,age_at_event+event_ever+since_last_int,age_int+br002_+dn010_+dn042_+phactiv,0.987760462011594,0.958550654128804,1.01799216055331,0.422314286865287
long_nostrict,married_before18,"c(""event_ever"", ""age_at_event"", ""since_last_int"", ""death_by_event"")","c(""age_int"", ""country"", ""dn010_"", ""br002_"", ""phactiv"")",log_reg,age_at_event+death_by_event+event_ever+since_last_int,age_int+br002_+country+dn010_+phactiv,1.02803623839526,0.996059248433479,1.06121837302782,0.0871541603211418
long_w1,country,event_ever,"c(""age_int"", ""country"", ""dn010_"", ""br002_"", ""phactiv"")",log_reg,event_ever,age_int+br002_+country+dn010_+phactiv,1.1065919439499,1.03502584918679,1.18422372827213,0.0031880582182439
cross,country,event_ever,"c(""age_int"", ""country"", ""dn010_"", ""br002_"", ""phactiv"")",log_reg,event_ever,age_int+br002_+country+dn010_+phactiv,1.04922478065692,1.02081066274021,1.07857113225794,0.000620678636553757
long_w1,married_before18,"c(""event_ever"", ""age_at_event"")","c(""age_int"", ""country"", ""dn010_"", ""br002_"", ""phactiv"")",log_reg,age_at_event+event_ever,age_int+br002_+country+dn010_+phactiv,1.12290769559923,1.05290910964006,1.19861766626966,0.000453922181151708
long_nostrict,country,"c(""event_ever"", ""age_at_event"", ""death_by_event"")","c(""age_int"", ""country"", ""dn010_"", ""br002_"", ""phactiv"")",log_reg,age_at_event+death_by_event+event_ever,age_int+br002_+country+dn010_+phactiv,1.02319385544542,0.990932225846019,1.0566876587847,0.161801317960101
long_w1,born_after1954,"c(""event_ever"", ""age_at_event"", ""since_last_int"")","c(""age_int"", ""country"", ""dn010_"", ""br002_"", ""phactiv"")",log_reg,age_at_event+event_ever+since_last_int,age_int+br002_+country+dn010_+phactiv,1.12806148894254,1.05750348621227,1.20439276128265,0.000280787022693979
cross,born_after1954,"c(""event_ever"", ""age_at_event"", ""since_last_int"")","c(""age_int"", ""country"", ""dn010_"", ""br002_"", ""phactiv"")",log_reg,age_at_event+event_ever+since_last_int,age_int+br002_+country+dn010_+phactiv,1.06950559767226,1.03842934462624,1.10167551082465,8.36985660393537e-06
long_w1,divorced_widowed,"c(""event_ever"", ""death_by_event"")","c(""age_int"", ""country"", ""dn010_"", ""br002_"", ""phactiv"")",log_reg,death_by_event+event_ever,age_int+br002_+country+dn010_+phactiv,1.1188429101959,1.05175625012751,1.19111536315177,0.00040273757216536
long_nostrict,divorced_widowed,"c(""event_ever"", ""death_by_event"")","c(""age_int"", ""country"", ""dn010_"", ""br002_"", ""phactiv"")",log_reg,death_by_event+event_ever,age_int+br002_+country+dn010_+phactiv,1.02779610972249,0.995845799019008,1.06095044684148,0.0896636001128026
long_nostrict,younger_than_55_w1,event_ever,"c(""dn042_"", ""country"", ""dn010_"", ""br002_"", ""phactiv"")",log_reg,event_ever,br002_+country+dn010_+dn042_+phactiv,0.937921610700926,0.901443612595493,0.976059704730424,0.001581626245635
long_w1,married_before18,"c(""event_ever"", ""age_at_event"", ""since_last_int"")","c(""dn042_"", ""country"", ""dn010_"", ""br002_"", ""phactiv"")",log_reg,age_at_event+event_ever+since_last_int,br002_+country+dn010_+dn042_+phactiv,0.953400549516804,0.895111625656999,1.01619769064369,0.14029790587532
cross,country,"c(""event_ever"", ""age_at_event"", ""since_last_int"", ""death_by_event"")","c(""age_int"", ""dn042_"", ""country"", ""dn010_"", ""br002_"", ""phactiv"")",log_reg,age_at_event+death_by_event+event_ever+since_last_int,age_int+br002_+country+dn010_+dn042_+phactiv,0.97976931409613,0.953366386292227,1.00700737920022,0.143281972842355
long_w1,younger_than_55_w1,event_ever,"c(""age_int"", ""dn042_"", ""country"", ""dn010_"", ""br002_"", ""phactiv"")",log_reg,event_ever,age_int+br002_+country+dn010_+dn042_+phactiv,1.05861812007067,0.9865494460457,1.13689272891239,0.115343090081095
long_nostrict,country,"c(""event_ever"", ""age_at_event"")","c(""age_int"", ""dn042_"", ""country"", ""dn010_"", ""br002_"", ""phactiv"")",log_reg,age_at_event+event_ever,age_int+br002_+country+dn010_+dn042_+phactiv,0.974198037775075,0.942133809819377,1.00752577661595,0.126734700081121
long_nostrict,divorced_widowed,"c(""event_ever"", ""age_at_event"", ""death_by_event"")","c(""age_int"", ""dn042_"", ""country"", ""dn010_"", ""br002_"", ""phactiv"")",log_reg,age_at_event+death_by_event+event_ever,age_int+br002_+country+dn010_+dn042_+phactiv,0.96668232069973,0.935963659379666,0.998557667946193,0.0401696188609389
long_w1,country,"c(""event_ever"", ""age_at_event"", ""since_last_int"")","c(""age_int"", ""dn042_"", ""country"", ""dn010_"", ""br002_"", ""phactiv"")",log_reg,age_at_event+event_ever+since_last_int,age_int+br002_+country+dn010_+dn042_+phactiv,1.04343462064715,0.974554457067961,1.11815778864286,0.225220273605928
long_nostrict,born_after1954,"c(""event_ever"", ""death_by_event"")","c(""age_int"", ""dn042_"", ""country"", ""dn010_"", ""br002_"", ""phactiv"")",log_reg,death_by_event+event_ever,age_int+br002_+country+dn010_+dn042_+phactiv,0.974489349099021,0.940465148964297,1.00991463625025,0.155059000572996
